Entrada,paginas,Gall,Port,Fr,Val,Cat,Prov,Cast,Mall,Vasc,Lat,Rum,Alb,It
AÁXBÓRA,1,None,None,None,None,None,None,None,None,None,None,None,None,None
ABÁTH,1,None,abbade,abbé,None,None,abbát,abbat,None,abade,abbas,None,None,None
ABÉRTH,1,aberto,aberto,ouvert,obert,obert,aperto,abierto,None,None,apertus,None,None,y
ABÓBRA,1,ggr,abobara,None,None,None,None,None,None,None,ó,None,None,None
ABOBRÉLLA,1,None,None,None,None,None,None,None,None,None,None,None,None,None
ABOBRTÉLLA,2,None,None,None,None,None,None,None,None,None,None,None,None,None
ABRÉCANO,2,None,None,None,None,None,None,None,None,None,None,None,None,None
ABRÍL,2,None,Abril,A,April,None,Abril,None,None,None,Aprilis,April,P,Aprile
ABRÓTHANO,2,None,é,aürone,None,broida,None,None,None,None,Gr,None,None,abrótano
ABÚCH,2,None,abrótea,None,None,None,None,None,None,None,albucus,None,None,None
ABZINTHÓN,2,None,None,None,None,None,None,None,None,None,None,None,None,None
ACEBÚCHE,2,None,None,None,None,None,None,None,None,None,None,None,None,None
ACIPRÉS,2,None,None,None,None,None,None,None,None,None,None,None,None,None
ACITRÓN,2,None,None,None,None,None,None,None,None,None,None,None,None,None
ACÓLITHO,2,None,acólito,None,None,None,None,acólito,None,None,Gr,None,None,accolito
ACRIÓLEX,2,None,None,None,None,None,None,None,None,None,None,None,None,None
ÁCUA,3,None,None,None,None,None,None,None,None,None,None,None,None,None
AGUGHA,3,None,agulha,alguille,águila,águila,agulha,aguja,None,None,acuculla,a,None,None
AGUGHÉLLA,3,None,agulheta,aiguillette,agu,agu,agulheta,aguja,None,None,acucella,None,None,None
AGUD,3,None,agudo,None,acút,a,a,agudo,None,None,acutus,None,None,acuto
ACHÉLLO,4,None,None,None,None,None,None,None,None,None,None,None,None,None
ACHETHÁIRA,4,acéda,azéda,None,None,None,None,acedera,None,None,acetosa,None,None,None
ACHETHIÉLLA,4,aceda,azedinha,None,None,None,None,acederilla,None,None,acetus,None,None,acetosella
ACHICÓRIA,4,chicoria,chicoria,chicorée,gicória,xicóira,cicóri,achicória,None,None,Gr,cicoare,None,cicorea
ADÓTE,4,None,é,None,dot,None,dot,None,None,dótea,dos,None,None,None
AFRÁNCHA,4,None,None,Francia,None,None,F,Francia,None,None,Francia,None,None,None
AFRÁQ,5,None,None,None,None,None,None,None,None,None,None,None,None,None
AGALLA,5,None,None,None,None,None,None,None,None,None,None,None,None,None
AGÁRICO,5,None,é,agaric,None,agárich,agaric,g,None,None,Gr,None,None,None
AGATHA,5,None,None,None,None,None,None,None,None,None,None,None,None,None
AGÓCH,5,None,é,Aoút,Agoch,Agost,Aoust,None,None,None,Augustus,None,None,None
AGUA,5,agoa,agua,None,aigua,aygua,aigua,agua,None,None,None,apa,None,None
AGUAPÍ,5,None,agoapé,None,None,None,None,aguapié,None,None,pes,None,None,None
AGÚCH,5,None,None,None,None,None,None,None,None,None,None,None,None,None
ÁGUILA,5,águia,águia,aigle,á,None,None,á,None,None,aquila,None,None,aquila
AGUXTO,5,None,é,august,august,august,august,None,None,None,augustus,None,None,augusto
ÁLA,5,None,ala,aile,None,ala,None,None,None,None,ála,None,None,None
ALÁMA,6,None,alamar,lame,None,None,é,lama,None,None,lámina,alama,None,lámina
ALAMEDA,6,None,None,None,None,None,None,None,None,None,None,None,None,None
ALAMPADA,6,None,é,lampe,None,None,lampa,lámpara,None,None,Gr,lampa,None,lampade
ALATÓN,6,None,None,None,None,None,None,None,None,None,None,None,None,None
ALBA,6,None,alva,auhe,y,None,auba,None,None,alba,alha,None,None,None
ALBÁNO,6,None,espinheiro,aubépine,None,ars,None,None,None,None,spina,None,None,spina
ALBÁRCA,6,None,None,None,larga,None,None,pr,None,None,None,None,None,None
ALBO,7,None,alvo,None,None,None,alba,albo,None,None,albus,alb,None,None
ALCHÍNA,10,None,None,None,None,None,None,None,None,None,None,None,None,None
ALECHXÁR,10,eirá,eirá,aire,None,era,aira,era,None,None,área,None,None,None
ALIGUSTRE,11,None,é,eissir,eixido,exir,y,aligustre,None,None,ligustrum,None,None,ligustro
ALMORÍ,14,None,None,None,None,None,None,almuérdago,None,None,mordax,None,None,None
AMAIRÓX,15,None,None,None,None,None,None,None,None,None,None,None,None,None
AMANTE,15,None,é,aimant,amant,None,amant,None,None,None,amans,None,None,None
AMARA,15,None,None,None,None,None,None,None,None,None,None,None,None,None
AMÁRICA,15,None,None,None,None,None,None,centaura,None,None,amaricus,None,None,None
AMARO,15,None,é,amer,amarg,amarch,amar,amargo,None,None,ama,amar,None,amaro
AMASSADÓR,16,None,amassador,None,None,None,None,amasador,None,None,massa,None,None,ama
AMÉNCA,16,None,None,None,None,melga,None,áfaca,None,None,medica,None,None,None
AMILÓN,16,None,amiddo,amidón,almidó,amidó,None,AL,None,amirun,Gr,None,None,amido
AMINC,16,None,None,None,None,None,None,None,None,None,amignus,None,None,None
AMÍRO,16,None,None,None,None,None,None,None,None,None,de,None,None,None
AMIRÓN,16,None,ALMEiRAO,None,None,None,None,ALMIRÓN,None,None,está,None,None,None
AMOISTIÁCD,17,None,é,ammoniac,amoniach,amoniach,None,amoniaco,None,None,Gr,None,None,None
ANAPELO,17,None,None,None,None,None,None,None,None,None,None,None,None,None
ANÁTHEMA,17,lagos,None,anatheme,y,llagas,é,langosta,None,None,Gr,None,None,anatema
ANÉLTO,17,é,anetho,aneth,None,anet,aneth,eneldo,None,None,y,None,None,aneto
ANFILIÁTHO,17,afiliado,afilhado,affilié,afillat,afillat,afilhat,ahijado,None,None,affiliatus,None,None,None
ANIFEXÁRIO,17,None,é,anniversaire,aniversari,None,aniversari,aniversario,None,None,anniversarius,None,None,anniversario
ANTHÍFONA,17,None,é,anüenne,None,None,None,None,None,None,Gr,None,None,None
ÁNTOLA,18,None,anthora,antoré,None,None,None,autora,None,None,None,None,None,None
ANÚXA,18,None,None,None,None,None,None,None,None,None,de,None,None,None
ANXÉNSIO,18,axenxo,absinthio,absinthe,None,None,eichens,ajenjo,None,asensio,None,None,None,None
APIO,18,apeo,áipo,ache,None,apit,api,apio,None,None,apium,None,None,None
APOCALIPXÍN,18,None,Apocalypse,Apocalypse,None,None,None,None,None,None,Gr,None,None,Apoca
APÓRIO,18,None,None,None,None,None,None,None,None,None,appodium,None,None,None
APRÍL,19,None,None,None,None,None,None,None,None,None,None,None,None,None
AQUÍLEY,19,aguillon,aguilháo,aigui,agulld,agulld,None,aguijón,None,aculuá,agulhoy,None,None,aguglione
ARA,19,None,None,None,None,None,None,None,None,None,a,None,None,None
ARACHOQUÍL,19,None,None,None,None,None,None,None,None,None,None,None,None,None
ARÁDANI,19,None,arando,airelle,None,None,adrest,arándano,None,None,ater,None,None,None
ARÁMEN,19,aramio,aráme,araim,None,None,ar,alambre,None,None,aramen,arama,None,ráme
ARANYÓN,19,None,None,None,aranyoner,a,None,pr,None,aran,None,None,None,None
ARBÁNSO,20,garabanzo,ervango,None,None,None,None,garbanzo,None,g,None,None,None,None
ARCEDIÁCUNO,20,None,None,None,None,y,None,pr,None,larra,acer,None,None,None
ÁRCHA,21,None,j,None,harser,bardisa,None,zarza,None,lartza,None,None,None,None
ARCHEDIÁCON,21,arcediago,arcediano,None,None,None,None,archi,None,None,None,None,None,None
ARCHIÉLLA,21,None,None,None,None,None,None,None,None,None,None,None,None,None
ARCHILÁCA,21,None,None,None,argilaga,arge,argelas,None,None,None,argilax,None,None,None
ARDEMÓN,22,área,artemao,artimon,None,None,artimon,artemon,None,None,Gr,arina,None,None
ARENA,22,área,área,arene,None,None,é,None,None,None,arena,arina,None,None
ARENAL,22,areal,areal,None,arenal,arenal,None,None,None,None,arenarium,None,None,None
ARGAMÁXA,22,None,arithmética,arithmétique,None,é,arithmética,é,None,None,None,None,None,None
ARMOLÁITHA,23,None,None,None,None,None,None,None,None,None,None,None,None,None
ÁRRAX,23,None,arras,arrhes,arres,None,arras,arrebol,None,None,arra,None,None,None
ARSIPREXTE,23,None,None,None,None,None,None,None,None,None,None,None,None,None
ARYENT,23,None,é,argent,None,None,argent,argén,None,None,argentum,argint,argjant,argento
ARZÓLLA,24,None,None,None,None,None,au,arzolla,None,None,None,None,None,None
ÁSARO,24,None,asarabácca,None,None,adzari,None,é,None,None,Grs,None,None,ásaro
ASERRÍN,24,None,None,None,None,None,None,aserrín,None,None,serrago,None,None,None
ASTORLÓMICA,24,None,astrolomía,astronomíe,None,None,é,None,None,None,Gr,None,None,astronomía
ATAVÁO,24,None,None,None,None,None,None,None,None,None,None,None,None,None
ATHOCHÁR,24,None,None,None,atojar,None,None,atochar,None,None,None,None,None,None
ATHRÍTHA,24,None,None,None,None,None,None,None,None,None,attritus,None,None,None
ATÚN,25,None,None,None,None,None,None,None,None,None,None,None,None,None
AVELLANA,25,None,avelana,aveline,None,None,avelana,None,None,None,avellana,aluna,None,None
AVICHÉLLA,25,None,None,oiseau,aucell,aucell,aucelj,avecilla,None,None,aucella,None,None,None
AXBÓRA,25,None,None,None,None,None,None,None,None,None,sparus,None,None,None
AXCÁMA,25,None,None,None,None,None,None,None,None,None,None,None,None,None
AXEDREA,25,None,None,None,None,None,None,None,None,None,None,None,None,None
AXÍNINO,25,None,None,None,None,None,None,é,None,None,None,None,None,None
ÁXPA,25,None,é,hasple,None,aspi,None,None,None,None,None,None,None,aspa
AXPÁRAGO,25,None,None,None,None,None,None,None,None,None,None,None,None,None
AXPLÉNI,25,None,None,None,None,None,None,None,None,None,None,None,None,None
AXTOROJÍA,25,None,aris,aristoloche,None,None,aristolocha,astrologia,None,None,Gr,None,None,None
AZÁRJA,26,None,None,None,garja,sarja,None,Instr,None,azaya,None,None,None,None
AZÁRRA,26,None,None,None,None,None,None,None,None,None,acerba,None,None,None
AXORRÁGUE,26,None,None,None,None,None,None,None,None,None,None,None,None,None
AZULEJO,26,None,None,None,None,None,None,None,None,None,None,None,None,None
BAÁBER,27,None,None,None,None,None,None,None,None,None,hauhari,None,None,None
BABA,27,None,baba,bave,None,None,é,None,None,None,None,None,None,bava
BABÉRA,27,None,babeira,None,None,None,None,babera,None,None,None,None,None,baviera
BABONA,27,abellon,bes,None,None,None,None,abispon,None,None,vespa,None,None,vespone
BABÓX,27,None,baboso,None,babosa,babosa,None,baboso,None,None,None,None,None,None
BAFF,28,None,None,None,None,None,None,None,None,None,None,None,None,None
BÁINA,28,None,None,bañe,banya,banya,ban,None,None,None,None,None,None,None
BAIRÁNIA,29,None,None,None,aranya,aranya,None,araña,None,None,aranea,None,None,None
BALÍXA,29,None,None,valise,balixa,None,valisa,balija,None,None,valesia,None,None,None
BALLENA,30,None,balea,baleine,ballena,None,é,ballena,None,balea,balcena,None,None,balena
BALLEXTÁIRA,30,None,None,None,None,None,None,ballestera,None,None,balistaria,None,None,balestriera
BALLÓCA,30,balloca,None,baile,None,None,None,y,None,None,None,None,None,None
BÁLSAM,30,None,é,baume,bálsam,bálsam,balme,None,None,None,Gr,None,None,bálsamo
BANCO,30,None,é,banco,banch,banch,banco,None,None,None,None,None,None,hanco
BANDÁIRA,31,y,None,banniere,bandera,None,bandeiro,None,None,bandera,None,None,None,None
BÁNQ,31,None,None,None,None,None,None,None,None,None,None,None,None,None
BANÚJA,31,None,None,None,None,None,None,None,None,None,None,None,None,None
BAQUÍA,31,None,hacía,None,None,None,None,None,None,None,haccea,None,None,None
BAR,32,None,vara,None,None,None,None,y,None,Mra,virga,None,None,None
CHAT,32,None,None,None,None,None,None,None,None,None,None,None,None,None
BÁRBAL,32,None,None,barbaré,None,None,é,None,None,None,Gr,varvar,None,bárbaro
BARBÁTHA,32,None,None,None,None,None,None,barrilla,None,None,None,None,None,None
BARBÁXCO,33,None,None,None,None,None,None,None,None,None,None,None,None,None
BARBÉXO,33,barbeito,barbecho,None,None,None,None,barbecho,None,None,vervactum,None,None,None
BÁRBOTHOX,33,None,None,None,None,None,None,None,None,None,None,None,None,None
BARCA,33,None,None,None,None,None,None,None,None,None,None,None,None,None
BARCÓC,33,None,None,None,None,None,None,ÁL,None,None,None,None,None,None
BÁRCHAT,34,None,None,None,None,None,None,None,None,None,None,None,None,None
BARCHÉLA,34,None,None,None,None,None,None,None,None,None,None,None,None,None
BARCHÍN,35,None,barjuleta,None,bar,bar,None,barjuleta,None,None,bargella,None,None,None
BARDÁCH,35,None,barrilha,None,barrella,barrella,None,barrilla,None,None,V,None,None,None
BARDANÁR,36,None,None,None,None,None,None,None,None,None,None,None,None,None
BARDÓNEX,36,None,None,None,None,None,None,None,None,None,None,None,None,None
BÁRGA,36,None,bárga,baraque,None,None,barraca,None,None,None,bar,None,None,baracca
BARMÍL,36,None,barril,baril,barril,None,barráu,None,None,None,None,None,None,None
BARÓN,37,None,varad,ber,varó,varó,bar,varón,None,None,baro,None,None,None
BARONCHÉL,37,None,None,None,None,None,None,None,None,None,baroncellus,None,None,boronfél
BARR,37,None,barro,None,None,None,None,barro,None,None,None,None,None,None
BARRADA,37,None,None,None,None,None,None,AL,None,None,None,None,None,None
BARRÍ,38,None,None,None,None,None,None,None,None,None,None,None,None,None
BASSÉS,39,None,hacía,hassin,hací,hací,hacin,hacin,None,hacía,hacia,None,None,hacino
BÁSSO,39,None,haxo,has,Mw,Mw,has,hajo,None,hezcho,hassus,None,None,higio
BASTINÁCH,39,None,None,None,None,None,None,None,None,None,None,None,None,None
BATHAJIÉLLA,39,None,None,None,None,None,None,AL,None,None,None,None,None,None
BATHÁN,40,None,None,None,bata,batán,None,None,None,batán,batandus,None,None,None
BAUCÁL,40,None,None,bocal,None,brocal,bocáu,bocal,None,None,bauca,None,None,None
BAÚCALA,41,None,None,None,None,None,None,None,None,None,None,None,None,None
BAXÁTIR,41,besadóiro,vessadóiro,None,None,None,None,None,None,None,versator,None,None,None
BAXCALÁUN,42,None,None,None,None,ascalunia,None,ascalonia,None,None,ccepa,None,None,scalogno
BAXELICÁRIO,42,None,None,None,None,None,None,None,None,None,None,None,None,None
BAXÍLICA,42,None,None,None,None,None,None,None,None,None,Gr,None,None,None
BAXTINÁC,43,None,None,None,None,None,None,None,None,None,None,None,None,None
BÁXXO,43,None,None,None,None,None,None,None,None,None,None,None,None,None
BAYÓMB,43,None,None,None,None,None,None,otra,None,otra,palumba3,None,None,None
BAZO,43,None,None,None,None,None,None,None,None,None,None,None,None,None
BEBE,43,None,None,None,None,None,None,None,None,None,None,None,None,None
BECÉZ,43,beijar,beijo,baiser,bes,bes,bais,beso,None,None,basium,None,None,None
BECHUC,44,None,besugo,None,besúg,besúch,besuga,None,None,besugo,None,None,None,None
BÉGA,44,None,None,None,N,None,None,None,None,None,None,None,None,None
BELENYO,44,None,mod,None,beleny,None,None,beleño,None,None,None,None,None,None
BELIUN,44,None,None,bellon,None,None,None,None,None,None,patella,None,None,None
BELÍX,44,None,None,None,None,None,None,None,None,None,None,None,None,None
BELÍXA,44,None,None,None,None,None,None,None,None,None,None,None,None,None
BELLÍTH,45,bellido,é,None,bellitj,None,None,bellido,None,None,hellus,None,None,helletto
BELLÍX,45,None,None,None,None,None,None,None,None,None,None,None,None,None
BELTÓNICA,45,bertónia,betó,bétoine,betó,brutónica,betóina,bretónica,None,None,bet,None,None,bettónica
BELUCHÁC,45,None,None,None,None,verdola,None,None,None,verdola,None,None,None,None
BENNIQUÉCHA,46,None,None,el,None,None,None,None,None,None,None,None,None,None
BERBÁXQUA,46,None,None,None,None,None,None,None,None,None,None,None,None,None
BÉRCHA,46,None,None,None,None,None,None,None,None,None,de,None,None,None
BÉRCHELE,46,None,None,None,None,None,None,None,None,None,None,None,None,None
BÉRNIA,46,None,None,bernie,é,None,None,None,None,None,None,None,None,bernia
BERREN,47,None,None,None,None,None,None,None,None,None,None,None,None,None
BERRÚCA,47,None,verruga,verme,borruca,verruga,berruga,None,None,None,verruca,None,None,verruca
BERTÓNICA,47,None,None,None,None,None,None,None,None,None,None,None,None,None
BESS,47,None,None,None,None,None,None,None,None,None,None,None,None,None
BESTHION,47,ostria,ostra,huítre,ostió,ostia,None,ostia,None,ostra,ostrea,None,None,None
BETHERRIX,47,None,None,None,None,None,None,None,None,None,None,None,None,None
BETLEHHEM,47,None,None,None,None,None,None,None,None,None,None,None,None,None
BIQAMÓN,47,None,None,None,None,None,None,None,None,None,None,None,None,None
BÍGAMO,47,None,None,bigame,bigam,None,é,None,None,None,bigamus,None,None,None
BILÍS,47,None,None,None,None,None,None,None,None,None,None,None,None,None
BÍLIX,48,None,None,None,None,None,None,None,None,None,None,None,None,None
BILLA,48,None,None,None,None,None,None,None,None,None,None,None,None,None
BILLÉLLA,48,None,None,None,None,None,None,None,None,None,None,None,None,None
BINÁCHA,48,None,None,None,None,None,None,None,None,None,None,None,None,None
BINNIQUECHA,48,None,None,None,None,None,None,None,None,None,None,None,None,None
BIRN,48,None,laburno,aubour,None,None,alborn,borne,None,None,laburnum,None,None,None
BANÁC,48,None,None,None,None,None,None,None,None,None,None,None,None,None
BLATA,48,None,None,blatte,None,None,None,blata,None,None,blatta,None,None,None
BLETDO,48,beldro,beldro,blette,None,blet,bled,bledo,None,None,Gr,None,None,biétola
BOAYÁL,48,None,abegaria,bouverie,boalar,None,boaria,boil,None,None,boale,None,None,bovile
BÓBRA,49,None,None,None,None,None,None,None,None,None,None,None,None,None
BOBRÉLLA,49,None,None,None,None,None,None,None,None,None,None,None,None,None
BOBRÍN,49,None,None,None,None,None,None,None,None,None,None,None,None,None
BOBRINÉLLA,49,None,None,None,None,None,None,None,None,None,None,None,None,None
BOCA,49,None,boga,bogue,boga,boga,boga,None,None,None,None,None,None,boca
BÓCCA,49,None,boca,None,None,None,boca,None,None,None,bucea,None,None,bocea
BOCÓRNIA,49,None,None,None,None,bigornia,None,None,None,bigornia,None,None,None,None
BOCHCHÓCH,50,None,None,bégaud,bajóch,bajót,None,bausán,None,None,Gr,None,None,bagges
BOFF,50,None,None,None,y,None,bouffar,y,None,bohatu,None,None,None,None
BÓLGA,51,None,None,None,None,None,None,None,None,None,None,None,None,None
BOLÍX,51,None,None,None,None,None,None,bello,None,None,None,None,None,None
BÓLL,51,None,None,hieble,None,y,evol,yezgo,None,None,ebulus,None,None,ébulo
BOLLÚC,52,None,halüga,None,None,None,None,None,None,None,bullicatus,None,None,None
BOLUCHÁC,52,None,None,None,None,None,None,None,None,None,None,None,None,None
BOMBA,52,None,None,None,None,None,None,None,None,None,None,None,None,None
BÓNA,52,None,None,None,None,None,None,None,None,None,None,None,None,None
BÓNBA,52,None,bomba,None,bomba,None,None,None,None,pumpa,pompa,None,None,None
BONEL,53,None,None,None,None,None,None,None,None,None,Bonellus,None,None,None
BONÍTH,53,None,bonito,bonite,None,bonito,bounitoun,bonítalo,bomtol,None,boniton,None,None,None
BONO,53,None,bom,bon,bo,None,bo,bueno,None,None,bonus,bun,None,buono
BONTÓRCA,53,None,None,None,None,None,None,None,None,None,None,None,None,None
BORBÍTHL,53,None,None,None,None,None,None,None,None,None,clásico,None,None,None
BORCHÍN,53,None,None,None,None,None,None,None,None,None,buricus,None,None,None
BORNÁCHA,54,None,borracha,None,None,borratxa,None,borracha,None,None,burrani,None,None,borraccia
BORREGO,54,None,burro,bourrique,borrichj,None,bourrica,y,None,None,buri,None,None,bricco
BORRÉL,54,burel,None,None,None,burell,None,buriel,None,None,burrellus,None,None,burello
BORRÚCA,55,None,None,None,None,None,None,None,None,None,None,None,None,None
BÓRXA,55,buha,hlsa,bourse,bosa,bossa,é,bolso,None,hlsa,None,None,None,borsa
BÓTHRI,55,None,None,None,None,None,None,None,None,None,None,None,None,None
BOTÍA,55,None,None,None,None,None,None,None,None,None,None,None,None,None
BOXCOLÁR,56,None,bosque,bois,y,bosc,bosc,bosque,None,None,boscus_,None,None,bosco
BOYÁTHA,57,None,bolada,None,boada3,bouada,None,hoyada,None,None,bos,None,None,None
BOYATHÉLLA,57,None,None,None,None,None,None,bobatella,None,None,None,None,None,None
BRAXÍOUA,57,None,bersa,None,None,None,None,berza,None,None,brasicia,varza,None,brasca
BRETHÓNICA,58,None,None,None,None,None,None,acedera,None,None,de,None,None,None
BRUNETA,58,None,brunhete,brunet,brú,brunet,brunet,bruneta,None,None,bruneta,None,None,None
BUBA,59,None,None,None,None,None,None,None,None,None,None,None,None,None
BUBUPA,59,abubela,póupa,None,putput,pupúp,upa,abubilla3,None,None,None,None,None,bubbola
BUCÁSTA,59,None,None,None,None,avucasta,None,y,None,None,avis,None,None,None
BÚDA,59,None,tabüa,None,boba,boga,None,None,None,None,buda,None,None,None
BUEBRA,60,None,None,None,None,None,None,None,None,None,None,None,None,None
BUÉLO,60,None,bolo,bol,y,bo,bóli,bol,None,None,Gr,None,None,None
BUEY,60,boy,boy,boeuf,None,None,bou,buey,None,None,bos,bou,None,None
BULÍN,60,None,albügem,aubin,None,None,None,None,None,None,albugo,None,None,None
BULIÓN,61,bulir,bulir,bouillir,bullir,None,bullir,None,None,None,bull,None,None,None
BULYÁN,61,None,None,None,None,None,None,None,None,None,bulla,None,None,None
BUNÉL,62,None,None,None,None,None,None,None,None,None,None,None,None,None
BUNYÓL,62,None,vinholci,vignole,Bunyól,None,None,viñuela,None,None,vineola,None,None,vignola
BUNYÓLA,62,None,None,None,None,None,None,None,None,None,None,None,None,None
BUÑÓL,62,None,None,None,None,None,None,None,None,None,None,None,None,None
BÚRBULA,62,None,bolha,bulle,burbulla,burbuja,bulla,y,None,bibilla,bulla,None,None,None
BURÉL,63,None,None,None,None,None,None,None,None,None,None,None,None,None
BURRIÉL,63,None,brucho,bruche,None,None,None,pr,None,None,brucus,None,None,None
BUS,63,None,None,buce,None,busci,bus,buscio,None,None,bucea,None,None,None
BUTBUTA,63,None,None,None,babóta,None,None,babosa,None,None,babota,None,None,None
BUTH,63,None,embude,None,ambut,embut,embut,embudo,None,embutía,imbotare,None,None,None
BUTHENIA,64,None,None,None,None,None,None,None,None,None,None,None,None,None
BUTHIJIELLA,64,None,None,None,None,None,None,None,None,None,None,None,None,None
BUTÍA,64,None,None,None,None,None,None,None,None,None,None,None,None,None
BUX,64,None,None,None,None,None,None,AL,None,None,None,None,None,None
CABALLAR,65,None,cava,None,caballar,caballar,None,None,None,None,caballaris,None,None,None
CABÁLYO,65,cabalo,é,cheval,caball,caball,caval,caballo,None,None,caballus,cal,None,caballo
CABAL,65,None,None,None,caballo,caballo,None,caballón,None,None,None,None,None,cavallo
CABANA,65,cavána,None,cabane,cabanya,cabanya,y,cabana,None,None,cabana,None,None,capanna
CABB,66,None,None,None,capoll,capoll,None,capullo,None,None,capidulum,None,None,None
CABBÚSA,66,None,None,None,capoll,capoll,None,capullo,None,None,capidulum,None,None,None
CABCÍLA,67,None,None,None,None,None,None,cabecilla,None,None,capitellum,None,None,None
CABÉISA,67,None,None,None,None,None,None,None,None,None,None,None,None,None
CABESÉIRO,67,None,None,None,None,None,None,None,None,None,ca,None,None,None
CABESEIRUELA,67,None,None,None,None,None,None,None,None,None,del,None,None,None
CÁBITHA,68,None,cahega,cap,cahega,None,cap,cabeza,None,None,None,None,None,capo
CÁBRA,68,None,cabra,chevre,None,None,cabra,None,None,None,capra,capra,None,None
CABRÓN,68,None,ca,None,cabro,cabro,None,cabrón,None,None,capro,None,None,None
CÁBSA,69,caixa,caxa,caisse,y,None,caissa,caja,None,None,capsa,None,None,cassa
CÁCHULA,69,None,None,None,None,None,None,None,None,None,cacahus,None,None,None
CAILÓJ,70,None,None,None,None,None,None,None,None,luquza,vulpeSy,None,None,None
CAITHÁRA,70,None,None,None,None,None,None,None,None,None,None,None,None,None
CALA,70,None,None,None,None,None,é,ggr,None,None,None,None,None,None
CALABALA,71,cabala,calabaza,calebasse,caraha,carhassa,None,calabaza,None,calabaza,None,None,None,cucuzza
CALABÁCHA,72,None,None,None,None,None,None,None,None,None,None,None,None,None
CALABÁSA,72,None,None,None,None,None,None,calabaza,None,None,cucúrbita,None,None,None
CALAHÓRRA,72,None,None,None,None,None,None,calahorra_,None,None,None,None,None,None
CÁLBO,74,None,None,None,None,None,None,None,None,None,None,None,None,None
CALCARIÓN,74,None,None,None,None,None,None,lechera,None,None,cal,None,None,None
CALLÁL,76,None,None,None,None,None,None,callecer,None,None,callus,None,None,None
CALLAS,76,None,None,None,None,None,None,calcar,None,None,calciare,None,None,None
CALLÁUTA,76,None,None,None,None,None,None,None,None,None,None,None,None,None
CALLO,77,None,None,None,None,None,None,None,None,None,None,None,None,None
CALMÚN,77,None,None,None,None,None,None,None,None,None,culmen,None,None,None
CALÓCA,77,None,choca,None,llóca,y,clussa,clueco,None,None,None,None,None,None
CALVÍL,79,None,None,None,None,None,None,calvi,None,None,None,None,None,None
CALVO,79,None,é,chauve,None,None,calv,None,None,None,cahus,calv,None,calvo
CAMALEÓN,79,None,camaleao,cameleon,camalleó,camalleó,cameleon,camaleón,None,None,Gr,None,None,None
CÁMARA,79,None,None,None,None,None,None,None,None,None,None,None,None,None
CAMARÓN,80,None,None,None,None,None,None,None,None,None,None,None,None,None
CAMBÚX,80,None,None,None,None,None,None,None,None,None,None,None,None,None
CAMÍN,82,None,None,None,None,None,None,None,None,None,None,None,None,None
CANAL,84,None,None,canal,None,None,canáu,None,None,None,canalis,None,None,canale
CANÁXTHA,84,None,None,None,None,None,None,None,None,None,None,None,None,None
CANBÚX,84,None,None,None,None,None,None,None,None,None,None,None,None,None
CÁNCALA,84,None,A,None,None,None,None,None,None,None,None,None,None,None
CANDAR,84,None,None,None,None,None,None,None,None,None,None,None,None,None
CANDELÁIRA,84,CandeUria,Candelaria,Chandeleur,Candelera,None,Candelairo,Candelaria,None,Can,Cande,None,None,Candellara
CAN,85,None,None,None,None,None,None,None,None,camisa,None,None,None,None
CÁNE,86,can,cao,chien,None,None,can,None,None,None,canis,cáne,kjen,cáne
CANÉT,86,None,None,None,None,None,None,None,None,None,None,None,None,None
GAÑÍN,86,None,diente,None,None,None,None,diente,None,None,caninus,None,None,None
CANÍNA,86,None,None,None,None,None,None,None,None,None,None,None,None,None
CANÍNO,86,None,é,caniny,cani,cani,canin,caña,None,cañahera,caninus,None,None,canino
CANNÁL,87,None,None,None,None,None,None,None,None,None,None,None,None,None
CANNÁRIA,87,None,None,None,None,None,None,None,None,None,None,None,None,None
CANNÁZ,88,None,None,None,None,None,None,cañal,None,None,usó,None,None,None
CANNÉT,88,None,None,None,None,None,None,cañal,None,None,canetum,None,None,canneto
CANNÍCH,88,cañizo,None,None,canyip,canyts,canisso,None,None,None,cannitius,None,None,None
CANNÚD,89,None,None,None,None,None,None,None,None,None,None,None,None,None
CANNUTÍCH,89,None,None,None,None,None,None,None,None,None,None,None,None,None
CANTHABÁR,90,None,None,None,None,None,None,None,None,None,None,None,None,None
CANÚD,91,None,None,None,None,None,None,None,None,None,None,None,None,None
CÁNWAL,91,None,cabo,None,cap,cap,None,cabo,None,None,None,None,None,None
CAPA,92,None,None,e,None,None,ca,None,None,ca,capa,None,None,cappa
CAPAN,92,None,None,None,None,None,None,None,None,None,None,None,None,None
CAPÁNA,92,None,None,None,None,None,None,None,None,None,None,None,None,None
CAPARA,92,None,None,None,None,None,None,None,None,None,None,None,None,None
CAPEL,94,y,chapeo,chapeau,capéll,capéll,capel,capelo,None,None,capellus,None,None,capello
CAPÍL,95,None,None,None,capell,capell,None,capilla,None,None,None,None,None,None
CAPILLÁR,95,None,None,None,None,None,None,capellár,None,None,None,None,None,None
CÁPITHA,95,None,None,None,None,None,None,None,None,None,None,None,None,None
CAPITHÓLIO,95,None,capitolio,captóle,capitólij,None,None,capitolio,None,None,capitolium,None,None,campidoglio
CAPÓN,96,None,capáo,chapón,capó,capó,é,None,None,None,Gr,None,kapon,cappone
CAPPA,96,None,None,None,None,None,None,None,None,None,None,None,None,None
CAPPÁRA,96,None,None,None,None,None,None,None,None,None,None,None,None,None
CAPPÓT,97,None,None,None,None,None,None,None,None,None,None,None,None,None
CAPPUQ,97,None,None,None,None,None,None,None,None,None,None,None,None,None
CAPTHÁL,97,None,None,None,None,None,None,None,None,None,cáptale,None,None,None
CAPTHORNO,97,None,torno,tour,cap,cap,torn,torno,None,None,capitulum,None,None,None
CAPÚCH,97,None,None,None,None,None,None,None,None,None,None,None,None,None
CARAÁNCA,98,None,carranca,carean,None,None,None,carlanca,None,lepacharrancha,carcannum,None,None,caréame
CARÁB,98,None,None,None,None,None,None,cárabo,None,None,corvus,None,None,None
CARABÁLL,99,carabela,None,None,None,None,None,None,None,None,None,None,None,None
CARABÁSA,99,None,None,None,None,None,None,None,None,None,None,None,None,None
CARABASSENA,99,calacú,None,None,None,None,None,None,None,None,cucúrbita,None,None,None
CARACARUÉCHA,99,None,None,None,None,quicaraquichs,cacalacá,None,None,None,del,None,None,None
CARBATH,100,None,None,None,None,None,None,None,None,None,None,None,None,None
CARCA,100,None,carga,charge,cárrega,None,carga,carricar,None,None,carga,None,None,careos
IOI,100,None,carda,None,cardonja,None,carda,cardencha,None,None,None,None,None,None
CARDÁCHA,101,None,None,None,None,None,None,None,None,None,None,None,None,None
CARDÁIRA,101,None,cardal,None,cardar,None,None,cardenchal,None,None,cardarius,None,None,None
CARDÉL,101,None,None,None,cardet,cárt,cardusses,cardillo,None,None,None,None,None,None
CARDENELLA,102,None,None,None,None,None,None,None,None,None,None,None,None,None
CARDHETH,102,None,None,None,None,None,None,None,None,None,None,None,None,None
CARDHÍL,103,None,None,None,None,None,None,None,None,None,None,None,None,None
CARDO,103,None,None,None,None,None,None,None,None,None,None,None,None,None
CARDÓN,103,None,None,chardon,cardonja,cardot,car,cardón,None,None,None,None,None,car
CARDÓNECH,103,None,None,None,None,None,None,cardo,None,None,None,None,None,None
CARÉNI,104,None,None,None,None,None,None,None,None,None,None,None,None,None
CARÍNA,104,None,crena,carene,None,None,é,None,None,None,carina,None,None,carena
CARNÍTH,105,None,None,charnu,carnut,None,carnut,carnudo,None,None,carnutus,None,None,carnutOj
CARRÁIRA,105,None,None,None,None,None,None,None,None,None,None,None,None,None
CARRAXQUÍLLA,106,None,None,None,None,None,None,carrasquilla,None,None,None,None,None,None
CARRETA,106,None,None,None,None,None,None,None,None,None,None,None,None,None
CARREYRA,107,None,carrito,None,carris,y,None,carrizo,None,None,carectum,None,None,carice
CARRÍCH,107,None,carrinho,char,carret,None,car,carrillo,None,None,carrigium,car,None,None
CARTABÓN,108,None,None,None,None,y,None,cartabón,None,cartajoia,quár,None,None,quartabuono
CASAR,109,cascallo,None,None,None,None,None,cascajo,None,None,None,None,None,None
CASTEL,110,None,é,chdteau,cas,castillo,None,y,None,gasté,castellum,None,None,castello
CASTELLION,110,None,None,Chastillon,Castéllo,Castéllo,None,ggr,None,None,castellio,None,None,Castiglione
CHASTHÓRA,111,None,castóreo,None,None,castóreo,None,é,None,None,Gr,None,None,cast
CATHECÚMENO,112,None,é,catechumene,catecü,None,catechumeno,None,None,None,Gr,None,None,catecúmeno
CATHELLO,112,None,None,None,None,candell,None,None,None,None,None,None,None,None
CATHÉNA,112,cadéa,cadéa,chaíne,cadena,None,cadena,None,None,None,catena,None,None,catena
CATHÓLICO,113,None,catholico,catholique,catolich,catolich,catholique,católico,None,None,None,None,None,c
CATTHANA,113,None,None,None,None,None,None,None,None,None,None,None,None,None
CAUCAN,113,None,None,None,None,None,None,None,None,None,None,None,None,None
CAXCAR,114,None,cascar,None,None,None,None,None,None,None,quassicare,None,None,None
CAXTANNA,114,None,None,None,None,None,None,None,None,None,None,None,None,None
CAXTANNUELA,114,None,None,None,castanyola,castanyola,None,castañuela,None,None,None,None,None,None
CAXTHÁNIA,115,None,None,None,None,None,None,None,None,None,None,None,None,None
CAXTÍL,115,None,None,None,None,None,None,None,None,None,None,None,None,None
CAXTILYÓN,115,None,None,None,None,None,None,None,None,None,None,None,None,None
CAXTOR,115,None,None,None,None,None,None,None,None,None,cuneus,None,None,None
CAZAPÓRRA,116,None,cachamorra,None,casporra,catxaporra,None,cachiporra,None,None,ca,None,None,None
CAZTÁLLA,117,None,None,None,None,None,None,None,None,None,None,None,None,None
CERPÓL,117,None,None,None,None,None,None,None,None,None,None,None,None,None
CERUIGÍA,117,None,cirurgm,None,é,None,cirurgm,None,None,None,Gr,None,None,chirurgia
CINÁB,117,None,None,None,None,None,None,None,None,None,None,None,None,None
CIZÉRCHA,117,None,None,cicerole,None,None,None,cicer,None,None,cicércula,None,None,cicer
CLERIQUÍ,117,crego,clérigo,elere,clergue,y,clergue,clérigo,None,None,Gr,None,None,chérico
COBÁTIA,117,None,None,None,covaja,covaíxa,None,covacha,None,None,None,None,None,None
COCHILLÁTHA,121,None,None,coquerelle,None,None,None,veji,None,None,coquillatus,None,None,None
COCHÍNA,121,cocina,cozinha,cuis,cuina,cuina,cozina,cocina,None,None,None,None,None,None
CODAL,121,None,None,None,None,None,None,None,None,None,None,None,None,None
CÓDE,122,None,é,é,códich,códich,códi,código,None,None,None,códica,None,códice
COFIA,122,None,None,None,y,None,None,None,None,None,None,None,None,None
COHHILLÁTHA,122,None,None,None,None,None,None,None,None,None,None,None,None,None
COL,122,None,é,None,coll,None,coll,col,None,None,collis,None,None,colle
COLÉCHA,122,None,None,None,None,None,None,None,None,None,caulicula,None,None,None
COLL,123,None,colophonia,colophane,None,None,colophonia,None,None,None,Gr,None,None,colo
COLÓM,124,Columba,None,None,y,Colom,colomh,Colon,None,None,colombus,None,None,Colombo
COMBLÓCHCHA,124,comblueza,comborga,None,None,None,None,combleza,None,None,complex,None,None,None
COMENDATHÍCHIO,125,None,None,None,None,None,None,carta,None,None,commendatitia,None,None,None
COMES,125,None,None,None,None,None,None,None,None,None,None,None,None,None
CÓMTH,127,None,None,None,None,None,None,None,None,None,None,None,None,None
COMUNICATHÓRIA,127,None,None,None,None,None,None,cuenca,None,None,communicatori,None,None,None
COND,129,None,None,None,None,None,None,None,None,None,None,None,None,None
CONELYA,129,None,None,None,None,None,None,None,None,None,None,None,None,None
CONFÍT,129,None,confeito,None,confia,confia,None,canj,None,None,None,None,None,None
CONJÁYR,130,None,None,None,None,None,None,cópano,None,None,caupillus,None,None,None
COPA,130,None,None,None,None,None,None,None,None,None,None,None,None,None
CORACHÓN,131,None,corafon,cozur,None,y,id,corazón,None,None,cor,None,None,cuore
CORACHONÁIRA,131,None,é,corail,None,None,coural,None,None,None,None,None,None,corallio
CORAL,131,None,é,corail,None,None,coural,None,None,None,cor,None,None,corallio
CÓRBA,131,None,None,None,None,None,None,None,None,None,None,None,None,None
CORBÁCH,131,None,é,corb,None,None,corbás,corbato,None,None,corvus,corb,None,corbo
CORBÍTHA,131,None,None,corbette,None,y,corveta,None,None,None,corbita,None,None,None
CORC,131,None,ALCORQUE,None,None,None,None,ALCORQUE,None,None,None,None,None,None
CORCOMÚL,132,None,None,None,caramull,crumull,None,cogolmar,None,None,cumulus,None,None,None
CORCHONÁIRA,133,None,None,None,None,None,None,None,None,None,None,None,None,None
CORDÚL,133,None,None,None,None,None,None,None,None,None,None,None,None,None
COREPÍXCOPO,133,None,chorebispo,cho,None,None,None,corepiscopo,None,None,chorepiscopus,None,None,None
CORMA,133,None,None,None,None,None,None,None,None,None,None,None,None,None
CORMÚQ,134,None,None,None,None,None,None,None,None,None,culmus,None,None,None
CORNEJA,134,None,None,corneille,None,Cornelia,cornelha3,cornejay,None,None,cornicula,None,None,cornacchia
CORNÍTH,134,None,None,None,None,None,None,cornuda,None,None,None,None,None,None
CORNÓLYO,135,None,comiso,cornouiller,None,comer,acurnier,cornejo,None,None,cornolium,None,None,None
CORÓL,135,None,None,None,None,None,None,None,None,None,None,None,None,None
CORÓCA,135,None,None,None,None,None,None,None,None,None,None,None,None,None
CORONA,135,coróa,coróa,cou,é,None,courouna,None,None,None,Gr,cununa,None,None
CORÓNICA,135,None,chrónica,chronique,é,None,chrónica,y,None,None,chrónica,None,None,crónaca
CORONÍLLA,135,None,coroa,None,coronela,coronela,None,coronilla,None,None,ser,None,None,None
CORQ,136,None,None,None,None,None,None,None,None,None,None,None,None,None
CORRA,136,correj,corra,None,None,None,None,None,None,None,None,None,None,None
CORRAL,136,None,mod,None,mod,cor,courral,corral,None,None,corralle3,None,None,None
CORRÉYA,136,None,correa,courroie,None,corretja,y,correa,None,None,None,curé,None,coreggia
CORRIÓLA,137,None,None,None,None,None,None,correilla,None,None,corrigiola,None,None,coreggiola
CORS,137,None,corf,None,corf,corso,None,corzo,None,None,Gr,None,None,None
CORTÁL,137,None,None,None,None,None,None,None,None,None,cortal,None,None,corille
CORTE,138,corte,corte,cort,corr,None,y,corte,None,gorta,None,None,None,None
CORTHÍCHO,138,None,None,courtil,None,de,courtil,cortijoj,None,None,cor,None,None,None
CORTÍCHA,138,cortiza,cortifa,None,corjo,escorxa,None,corcha,None,corcha,cortex,None,None,None
CORTÍCHE,138,None,None,None,None,None,None,None,None,None,None,None,None,None
CORTINA,139,cortina,cortinhal,None,None,None,None,cortina,None,None,cortina,None,None,None
CORTÍX,139,cortello,cortelho,None,None,None,None,None,None,None,None,None,None,corte
CORVÉL,139,None,None,None,corhella,None,None,corvillo,None,None,None,None,None,None
COTA,139,None,Irl,cote,None,None,cota,coto,None,cotea,cota,None,None,cotta
GOTHÁL,139,None,None,None,None,None,None,None,None,None,None,None,None,None
COTHINÓN,140,None,None,None,None,None,None,None,None,None,None,None,None,None
COTINUÉLA,140,None,None,None,None,olivereta,None,lau,None,None,None,None,None,None
COTÓZ,140,None,None,None,None,None,None,None,None,None,None,None,None,None
CÓXTERA,140,None,costra,croúte,costra,None,é,None,None,None,crusta,None,None,None
CRÁSI,140,None,None,None,None,None,None,None,None,None,mellaceum,None,None,None
CREPÁT,140,crebado,quebrado,crevés,quebrat,quebrat,crebat,quebrado,None,None,crepa,None,None,None
CRÉXPO,141,crispo,é,None,cresp,None,None,None,None,None,crispus,None,None,crespo
CRÉXTA,141,crista,crista,créte,None,None,é,None,None,None,crista,creasta,None,None
CRÍB,141,None,None,crible,crib,y,cribel,criha,None,None,cribrum,ciur,None,None
CRÍCHA,141,None,None,None,None,None,None,None,None,None,None,None,None,None
CRÍXMA,141,None,crisma,créme,crism,None,chrema,None,None,crisma,None,None,None,crésima
CROCO,141,None,é,None,None,None,None,ALCRÓCO,None,None,Gr,None,None,croco
CRUCH,141,None,cruz,croix,creu,crots,crotz,cruz,None,gurutzea,None,None,None,None
CUÁLYO,142,None,coalho,None,cuall,cuall,None,cuajo,None,None,coagulum,None,None,caglio
CUB,142,None,cubo,None,cub,None,None,None,None,None,None,cofa,None,None
CÚBA,142,None,None,None,None,None,None,None,None,None,None,None,None,None
CUBB,143,None,None,None,None,None,None,None,None,None,None,None,None,None
CÚBBA,143,None,None,None,None,None,None,None,None,None,None,None,None,None
CUBBÉL,143,None,None,cuveau,None,cubell,None,cubillo,None,None,cubellum,None,None,None
CUBÉLLA,143,None,None,None,None,None,None,None,None,None,None,None,None,None
CUBIÉLLO,143,None,None,None,None,None,None,cubillos,None,None,Gr,None,None,None
CUBÍLLA,143,None,None,None,None,None,None,None,None,None,None,None,None,None
CUBTHÉL,143,None,None,None,None,None,None,None,None,None,None,None,None,None
CUCARA,144,None,None,pain,None,herba,None,None,None,None,cucarius,None,None,None
CUCÚFFA,145,None,None,None,None,None,None,None,None,None,None,None,None,None
CUCHÍL,145,None,None,None,None,None,None,None,None,None,None,None,None,None
CUENCA,145,None,None,None,None,None,None,None,None,None,None,None,None,None
CUFIA,145,None,None,None,None,None,None,None,None,None,None,None,None,None
CULANTRO,145,None,coentro,None,celiandre,celiandria,courian,culantro,None,None,Gr,None,None,coriandro
CULEBRA,145,None,None,couleuvre,None,y,colobra,None,None,None,coluber,None,None,None
CULÚBRA,145,None,None,None,None,None,None,j,None,None,serpentaria,None,None,None
CULEBRIÉLLA,145,None,cobrinha,None,None,None,None,culebrilla,None,None,None,None,None,None
BRIÉLLA,145,None,None,None,None,None,None,yaro,None,None,None,None,None,None
CULIÁNTRO,146,None,None,None,None,None,None,None,None,None,None,None,None,None
CULTANTRÓLO,146,None,None,None,None,None,None,culantrillo,None,None,None,None,None,None
CIJLO,146,None,cu,None,None,None,J,é,None,None,culus,cur,None,culo
CÚNELA,146,None,None,None,None,None,None,cunilla,None,None,conila,None,None,None
CUNÍL,146,None,None,None,None,None,None,None,None,None,None,None,None,None
CUNILÁYRA,146,None,None,None,None,None,None,None,None,None,None,None,None,None
CUP,146,None,None,None,None,None,None,None,None,None,None,None,None,None
CURLÚCHA,146,None,caga,ver,lluerna,lluerna,luzerna,luciérnaga,None,None,None,None,None,lucciola
CURTHÍL,147,None,None,None,None,None,None,None,None,None,cohors,None,None,None
CUTHREL,147,None,None,None,None,None,None,None,None,None,None,None,None,None
CUTRÍL,147,None,quadrillo,carrean,None,quadrell,carréu,cuadrilloy,None,None,None,None,None,quadrello
CÚXA,147,None,None,None,None,None,None,None,None,None,None,None,None,None
CUXÍR,148,None,None,None,None,None,None,tórculo,None,None,cochlearis,None,None,toreólo
QABÓN,149,xabón,None,None,None,None,None,xabón,None,None,sapo,None,None,None
JABONERA,149,None,é,None,sorra,sorra,None,zahorra,None,None,None,None,None,saburra
CHAMARRA,150,None,None,simarre,famarra,famarra,samarra,chamarra,None,None,None,None,None,None
QANÁCH,151,é,sanja,ciment,f,None,ciment,cimiento,None,None,coementa,None,None,None
QANNÁCH,151,None,None,None,None,None,None,zapatón,None,None,None,None,None,None
QARÁND,151,None,enxarcia,sarchies,y,xárcia,None,sarcia,None,None,sarcia,None,None,sarte
QÁTAL,152,None,None,None,None,None,None,None,None,None,None,None,None,None
CHACRAM,153,None,None,None,None,None,None,None,None,None,discrimínale,None,None,None
CHAQTHAN,153,deitar,deitar,None,gitar,None,getar,echar,None,echatu,jactare,None,None,gettare
CHACHÁN,153,None,None,None,None,None,None,None,None,None,None,None,None,None
CHALLA,153,None,None,None,None,None,None,None,None,None,None,None,None,None
CHAME,153,None,None,None,None,None,None,ortiga,None,None,de,None,None,None
CHANCA,154,None,None,None,None,None,None,None,None,None,zancas,None,None,None
CHAPÁJ,155,None,None,None,None,None,None,None,None,None,None,None,None,None
CHAPÍNA,155,None,None,None,None,None,None,None,None,None,None,None,None,None
CHÁRAFÍYA,155,None,geographia,y,None,None,geographia,None,None,None,None,None,None,geografía
CHARRA,155,None,None,None,None,None,None,None,None,chorraya,cirrus,None,None,None
CHARRÓT,155,None,None,None,None,None,None,None,None,None,None,None,None,None
CHATHÓLICO,156,None,None,None,None,None,None,None,None,None,None,None,None,None
CHAUCHAL,156,None,None,None,None,None,None,cuchichear,None,None,None,None,None,None
CHAUCHAU,156,chauchar,None,None,None,None,None,cuchichiar,None,None,None,None,None,None
CHEBBÉS,157,None,None,None,None,None,None,None,None,None,None,None,None,None
CHEBÓLLA,157,cebóla,cebóla,cive,ceba,None,ceba,cebolla,None,tipulá,ccepa,ceafa,None,cipolla
CHEBOLLILLA,157,None,cebolinha,ciboulette,cebeta,cebeta,cibuleta,CC,None,None,None,None,None,None
CHEBOLLÍN,157,ceboliño,cebolinho,None,None,None,None,cebollino,None,None,None,None,None,cipollino
CHEBS,157,None,None,None,None,None,None,None,None,None,None,None,None,None
CHÉCO,158,None,cegó,None,cegó,None,None,ciego,None,None,c,None,None,None
CHECÍHÉN,158,None,None,None,None,None,None,sancochar,None,None,suheoctus,None,None,None
CHENÍXA,158,cinxa,cinxa,cendre,cendra,cendra,cenre,ceniza,None,None,cinis,cenuxa,None,cenere
CHENIXÉLLA,158,None,None,None,None,None,None,cenicilla,None,None,y,None,None,None
CHENTÁURIA,159,None,None,None,None,None,None,None,None,None,None,None,None,None
GHENTÉNO,159,None,centéo,None,centé,None,None,y,None,None,centenum,None,None,None
CHENSIÁNA,159,None,é,None,y,None,None,None,None,None,centum,None,None,None
CHÉNTO,159,None,é,cent,y,centcaps,None,ciencabezas,None,None,centum,None,None,None
CHENTÓLIO,159,None,ceñ,centón,centó,centó,None,centón,None,None,cento,None,None,centone
CHENTUPÉDES,159,cempés,centopéa,é,centpéus,centpéus,None,ciempifs,None,None,centu,None,None,centogambe
CHERA,160,None,None,cire,None,None,é,None,None,None,cira,ceara,None,cera
CHERÁSIA,160,None,None,None,None,None,None,None,None,None,None,None,None,None
CHÉRVO,160,None,é,cerf,None,None,cérbi,ciervo,None,None,cervus,cerb,None,None
CHERVÚNO,160,None,None,None,cervú,None,None,é,None,None,cervunus,None,None,cervuno
CHETHRIA,160,None,None,None,None,None,None,None,None,None,None,None,None,None
CHIÁTHD,160,ciato,cyatho,cyathe,None,None,None,ciato,None,None,None,None,None,None
CHÍCA,161,None,None,None,None,None,None,None,None,None,c,None,None,None
CHÍCALA,161,None,cigarra,cigale,cigala,None,cigala,cigarra,None,chicharra,é,None,chincale,cicala
CHICAN,161,None,None,None,None,citrago,None,abejera,None,None,citrago,None,None,None
CHÍCO,161,None,None,None,gich,xic,None,chico,None,chiquia,exiguus,None,None,None
CHICUETHA,162,None,ceguda,cigué,None,None,cicuda,ceguta,None,None,cicuta,cucuta,None,None
CHIFLÁTA,162,None,None,soufflet,None,pataflast,None,zaparrada,None,zaplada,sufflare,None,None,None
CHILCHÉL,162,None,None,None,None,None,None,Galilea,None,None,None,None,None,None
CHILBÉLLA,162,None,None,None,None,None,None,None,None,None,None,None,None,None
CHINCHIPÉSA,162,None,None,None,None,None,None,None,None,None,None,None,None,None
CHINTÁURIA,162,None,None,centaurée,centaura,cintória,é,cintória,None,None,centaurea,None,None,centaurea
CHIPÁTU,163,None,None,None,None,None,None,None,None,None,None,None,None,None
CHIPÍN,163,None,chapim,mod,tapí,None,None,chapín,None,chapina,sapinus,None,None,None
CHÍPP,163,None,cepo,ceps,None,None,cep,cepo,None,cepoá,cepus,None,None,None
CHIQUÁLA,164,None,None,None,None,None,None,None,None,None,None,None,None,None
CHÍRA,164,None,None,None,None,None,None,None,None,None,None,None,None,None
CHÍRBA,164,None,é,None,None,None,é,cierva,None,None,cerva,cerba,None,cerva
CHÍRBIO,164,None,None,None,None,None,None,None,None,None,None,None,None,None
CHÍRCA,164,None,None,None,None,None,None,None,None,None,None,None,None,None
CHIRCAL,164,cerqueiral,None,None,None,None,None,None,None,None,None,None,None,None
CHÍRCH,165,None,None,None,None,None,None,None,None,None,None,None,None,None
CHIRÍCH,165,None,None,None,None,None,None,None,None,None,None,None,None,None
CHÍRNIA,165,y,None,None,None,None,None,None,None,None,None,None,None,None
CHIROLA,165,cirjuela,None,None,None,None,None,ciruela,None,None,cereolum,None,None,None
CHÍRQUE,165,None,None,None,None,None,None,None,None,None,None,None,None,None
CHIRR,165,None,None,None,None,None,None,None,None,None,cirrus,None,None,None
CHÍTH,166,None,cidade,cité,cihtat,None,ciutat,ciudad,None,None,civitas,cetate,None,cittá
CHÍTHRIA,166,None,cidra,cedrat,cidra,None,cedrat,cidra,None,cidra,citria,chitru,None,cedrato
CHOCÚTHA,166,None,None,None,None,None,None,None,None,None,None,None,None,None
CHOCHÓN,166,None,None,None,Joig,None,None,chocho,None,chochoá,stultus,None,None,sciocco
CHOMÉTHRICA,167,None,None,y,None,None,None,None,None,None,Gr,None,None,geometría
CHONDORÍNA,167,None,None,None,None,None,None,None,None,None,None,None,None,None
CHOREN,167,None,é,None,ciri,None,ciri,del,None,None,cereus,None,None,None
CHORÓTTHO,167,None,dourado,None,dorat,None,daurat,dorado,None,None,ornatus,None,None,ornato
CHORRIÓL,167,None,gorriao,None,None,None,None,gorrión,None,choarreá,None,None,None,None
CHORRÓ,167,None,chorro,gorge,y,xorro,gorja,chorro,None,chorrea,susurrus,None,None,gorga
CHUCH,168,chuchar,chuchar,sucer,None,xuclar,chucar,y,None,chupatu,None,sug,None,succiare
CHUPÁJA,168,y,golpe,None,y,cop,None,golpe,None,None,None,None,None,None
CHUQ,169,None,toco,souche,soca,soca,soc,zoquete,None,None,choca,None,None,ciocco
CHURRUTJ,170,None,ceroto,None,y,cerot,None,cerote,None,None,cerotum,None,None,cerotto
CHUTH,170,None,None,None,cuch,cuch,None,coco,None,None,None,None,None,None
CHÚXTHO,170,None,é,juste,None,None,juste,y,None,None,None,None,None,giusto
DACA,171,None,da,None,None,None,None,daca,None,None,ad,None,None,quá
DAD,171,None,danfa,danse,danfa,None,dansa,é,None,dantzá,None,None,None,None
DARÁCA,171,None,None,None,None,None,None,None,None,None,None,None,None,None
DÁRTACO,171,None,None,None,None,None,None,None,None,None,None,None,None,None
DÁUCO,171,None,None,None,None,None,None,é,None,None,Gr,None,None,None
DAYAJILÓN,171,None,diachyldo,None,dia,diaquilon,None,diaquilon,None,None,Gr,None,None,None
DECÉMBER,172,None,None,None,None,None,None,None,None,None,None,None,None,None
DED,172,None,None,None,None,None,None,None,None,None,None,None,None,None
DÉDE,172,None,tata,None,None,None,None,taita,None,None,tata,tata,None,None
DEFENXÓR,173,None,defensor,défenseur,None,None,defensor,None,None,None,defensor,None,None,difensore
DEMBEQ,173,None,None,None,None,None,None,None,None,None,None,None,None,None
DEYEN,173,None,dedo,doy,dea,degá,decan,é,None,None,decanus,None,None,decano
DHALLAÁ,173,None,None,doler,None,dolar,dolar,None,None,None,dolo,None,None,None
DIACODÁ,174,None,diacodio,diacode,None,None,diacodo,diacodiony,None,None,Gr,None,None,None
DIACONÍA,174,None,dia,diaconesse,dia,y,None,None,None,None,diaconíssa,None,None,diaconessíi3
DIÁCONO,174,None,y,dia,diach,diáca,dia,None,None,diaconoa,diacon,None,None,None
DIÁMA,174,None,diamd,diamant,None,None,diamant,None,None,diamantea,None,None,None,diamante
DIAMORÓN,175,None,None,None,None,None,None,None,None,None,Gr,None,None,None
DÍCDO,175,None,dedo,doigt,dit,dit,det,dedo,None,None,digitus,deget,None,digito
DID,175,None,None,None,None,None,None,None,None,None,None,None,None,None
DÍGAMO,175,None,digamo,digame,None,None,None,digamo,None,None,Gr,None,None,None
DILFÍN,175,None,delf,None,delfi,delfi,None,y,None,None,None,None,None,None
DÍRXA,176,None,None,None,None,None,None,é,None,None,dressare,None,None,orza
DOBLA,176,None,dobrao,double,dobla,dobló,doubla,doblón,None,dobla,dobla,None,None,dobbla
DÓMNO,177,dono,dono,None,don,don,dom,don,None,None,domnus,domn,None,None
DÓMPNA,177,None,dona,dame,donya,None,domna,doña,None,None,None,None,None,dama
DONNECÁL,178,None,None,None,None,None,None,doñegál,None,None,domnicalis,None,None,None
DONTÓL,178,None,dentáo,dentale,dentol,dentol,daine,dentón,None,None,dentex,dintoiu,None,dentice
DORÁDA,178,dourada,dourada,dorade,é,dorada,auráda,dorada,None,None,dorea,None,None,orada
DORDÚX,179,None,é,tourd,tort,None,tort,None,None,None,turdus,None,None,tordo
DOX,179,None,dois,deux,dos,None,dos,dois,None,None,Gr,doi,None,due
DUCÁD,179,None,ducado,None,y,None,None,ducado,None,None,ducatus,None,None,ducato
DÚCU,179,None,None,None,None,None,None,None,None,None,None,None,None,None
DUCHÁMBER,179,None,None,None,None,None,None,None,None,None,None,None,None,None
DUÉNNA,180,None,None,None,None,None,None,None,None,None,None,None,None,None
DÚLCHA,180,None,None,None,None,None,ulcero,None,None,None,ulcus,None,None,None
DUNBÁQ,180,None,None,None,None,None,None,None,None,None,None,None,None,None
DUNTÁL,180,None,pl,dental,None,None,y,diente,None,None,None,dinte,None,dente
DUO,180,None,None,None,None,None,None,None,None,None,None,None,None,None
DUQ,180,None,duque,duc,duch,duch,duc,duc,None,None,dux,None,None,y
DURÁQUIN,180,None,None,None,None,None,None,None,None,None,None,None,None,None
ISI,180,durainzo,durazio,duraciney,None,None,None,durazno,None,gurazaoa,None,None,None,pesca
DURDUX,181,None,None,None,None,None,None,None,None,None,None,None,None,None
DUX,181,dócei,dócei,dous,dol,dols,None,y,None,None,dulcís,None,None,dolce
ECLÉXIA,181,eigrexa,igreja,église,iglesia,iglesia,eglisa,eglesia,None,None,del,None,None,None
ECHÍNO,182,None,None,None,None,None,None,equino,None,None,Gr,None,None,None
EGLEJA,183,None,None,None,None,None,None,None,None,None,None,None,None,None
EGRÍL,183,leiron,leirdo,lirón,lliró,None,None,lirón,None,None,None,None,None,ghiro
EJXÍLIO,183,None,exilio,exil,eixil,exili,eyssilh,exilio,None,None,exilium,None,None,None
EJXORCHIXTA,183,o,exorcista,exorciste,exorciste,exorcista,exorcisto,y,None,None,Gr,None,None,None
ELCHÍNA,183,None,azinheira,y,None,None,euse,encina,None,None,ilex,None,None,None
ELEFANCÍA,183,None,elephancia,None,elefancia,elefancia,elephancia,None,None,None,Gr,None,None,None
EMPERATHÓR,183,None,emperador,em,None,empe,y,None,None,None,del,None,None,None
ENEBRO,184,None,None,genevre,ginebre,None,ginebre,enebro,None,ipurua,None,None,None,ginebro
ENÉLTO,184,None,anteado,None,None,None,None,entenado,None,None,antenatus,None,None,None
ENTH,184,None,None,None,None,None,None,None,None,None,None,None,None,None
EPIXTHÓLIO,185,None,None,None,None,None,None,None,None,None,epistolium,None,None,None
ERCALIX,185,None,regaliz,regalisse,regalicia,regalesia,regalicia,regaliz,None,None,Gv,None,None,regolizia
ERMOLÁITHA,185,saramago,saramago,None,remolaja,remol,None,remolacha,None,None,armoracea,None,None,ramolaccio
ÉRUCA,185,None,None,None,None,None,None,None,None,None,None,None,None,None
ESCALA,185,None,escala,échelle,None,None,escala,None,None,None,scala,schela,None,scala
ESCALÁIRA,186,None,None,None,None,None,None,None,None,None,None,None,None,None
ESCÁURIA,186,None,escoria,scorie,None,None,None,None,None,None,Gr,None,None,None
ESCOBA,186,None,escova,None,None,escombra,escoba,None,None,escoba,sco,None,None,sco
ESCOBÍLLA,187,None,None,None,None,None,None,biznaga,None,None,None,None,None,None
ESCOFINA,187,None,None,None,None,None,None,escofina,None,None,serafina,None,None,None
ESFÁNCHA,187,None,None,None,None,None,None,None,None,None,None,None,None,None
ESFARÁCH,187,None,None,None,None,None,None,None,None,None,None,None,None,None
ESFINÁCH,187,None,None,None,None,None,None,None,None,None,None,None,None,None
ESPATHÁNA,187,None,None,None,None,None,None,None,None,None,None,None,None,None
ESPECTÁCULO,187,None,None,é,espeetaele,None,espeetaele,y,None,None,spectaculum,None,None,spettáeolo
ESPÉLTA,188,None,None,épeautre,es,None,es,None,None,None,spelta,None,None,spelda
ESPLÉNI,188,None,None,None,None,None,None,None,None,None,None,None,None,None
EUCARTXTÍA,188,None,None,None,None,None,y,None,None,None,None,None,None,Eucaristía
EULÓYA,188,None,None,None,None,None,None,None,None,None,eulogia,None,None,None
EXCÁF,188,None,None,None,None,None,None,None,None,None,None,None,None,None
EXCÁLA,189,None,escala,None,None,None,None,escala,None,None,scala,None,None,None
EXCÁLIA,189,None,None,None,None,None,None,None,None,None,None,None,None,None
EXCÁMA,190,None,escama,écaille,escama,None,escata,None,None,escatá,squamma,scama,None,squama
EXCARÍ,190,None,None,None,None,None,None,escarin,None,None,None,None,None,None
EXCARLÁTH,190,None,None,None,None,None,None,None,None,None,None,None,None,None
EXCÓLA,191,None,escola,école,None,None,escola,escuela,None,escola,Gr,None,None,scuola
EXCUÁDRA,191,None,esquadria,None,escuadría,y,None,escuadra,None,escuadrea,squadra,None,None,None
EXCÚLYO,191,None,None,écueil,escoll,escoll,escuelh,escollo,None,None,None,None,None,None
EXPÁROS,191,None,sparo,spare,None,None,sperlin,esparo,None,None,sparus,None,None,None
EXPÁRRACO,192,None,None,None,None,None,None,None,None,None,None,None,None,None
EXPARRAGÁIRA,192,None,None,None,esparegar,None,None,esparragal,None,None,asparagarius,None,None,None
EXPARTÉL,192,None,esparta,sparte,es,None,espart,esparta,None,ezpartzuá,spartarium,None,None,sparto
EXPATHÁNA,193,espadáina,espadaña,None,None,espadanya,None,espadaña,None,ezpataiña,Gr,None,None,None
EXPATHELLA,193,espádela,None,None,y,None,None,espadilla,None,None,None,None,None,None
EXPECULATHÓR,194,None,None,speculateur,None,None,especulatour,especular,None,None,None,None,None,sfeculatore
EXPÍCO,194,None,espiga,épi,None,None,espiga,None,None,None,spicaj,None,None,spiga
EXQUERDO,196,esquerdo,esquerdo,None,esquerr,esquer,esquer,izquierdo3,None,ezquer,sccevus,None,None,None
EXQUÉRO,196,esqueiro,isca,None,esquer,esquer,None,esquero,None,None,escarius,None,None,y
EXQUÍL,196,None,esquilla,scille,None,None,esquilla,escila,None,None,None,None,None,scilla
EXQUÍTHAN,196,None,None,None,None,None,None,agracejo,None,None,Farm,None,None,None
EXTÍP,197,esteva,esteva,None,estepa,None,None,jara,None,estepa,None,None,None,None
FÁBA,199,None,None,None,None,y,é,haba,None,None,Jaba,bob,None,None
FACÓN,199,None,None,None,None,None,None,None,None,None,None,None,None,None
FAQQUÍYA,200,pescozo,pescozada,None,collada,None,None,pescozada,None,None,alapa,None,None,None
FACHADOR,200,None,None,None,None,jaxador,None,fajero,None,None,None,None,None,None
FACHÁÍRA,200,None,facha,é,fag,y,facha,None,None,None,None,None,None,faceta
FAGÜÍNA,201,None,é,None,None,None,None,None,None,None,None,None,None,None
FÁLYA,201,None,None,é,None,None,pila,None,None,pilla,None,None,None,None
FAMA,202,None,None,None,None,None,None,None,None,famea,Gr,None,None,None
FANÁR,202,None,None,None,None,None,None,None,None,None,None,None,None,None
FANDÚRA,202,None,bandurra,None,y,bandurria,None,pandur,None,bandurria,None,None,None,None
FÁRA,203,None,fárfara,None,None,None,None,cameleuca,None,None,de,None,None,None
FARATHERÍA,203,None,None,None,None,None,None,None,None,None,fratreia,None,None,None
FARCAN,203,None,None,None,None,None,None,None,None,None,None,None,None,None
FARDÁL,203,None,farte,None,None,None,None,fartal,None,None,fartum,None,None,None
FÁRFARA,204,None,None,None,None,None,None,None,None,None,None,None,None,None
FARFAX,204,None,None,farfouiller,None,None,farfornar,None,None,None,None,None,None,None
FARO,204,None,é,phare,None,far,pharo,faron,None,None,faronus,None,None,faro
FAROS,204,None,None,None,None,None,None,None,None,None,None,None,None,None
FARTHÓN,205,None,None,None,None,None,None,None,None,None,None,None,None,None
FASQUÍYA,205,None,None,None,None,None,None,None,None,None,None,None,None,None
FASSAL,205,None,None,None,None,None,None,None,None,None,fas,None,None,None
FÁTHA,205,jéa,jada,y,hada,None,jada,hada,None,None,jada,None,None,jata
FAUCHEL,206,None,None,faucille,None,None,None,hoz,None,None,faucilia,None,None,None
FAUNÍA,206,None,None,None,None,None,None,None,None,None,None,None,None,None
FÁXXA,206,None,None,None,None,None,None,None,None,None,None,None,None,None
FAXCAL,206,None,None,None,None,None,None,None,None,None,None,None,None,None
FÁXCAR,207,None,fascal,None,None,None,None,None,None,None,None,None,None,None
FAXÓR,207,None,None,del,None,None,None,ALFA,None,None,vinum,None,None,None
FAXXAX,208,None,None,None,None,None,None,None,None,None,None,None,None,None
FÁYO,208,faya,faia,y,fáig,faitg,faya,haya,None,None,Gr,fag,None,faggio
FAYSÁN,208,None,fais,faisán,faisa,faisa,faisán,None,None,None,fasanus,None,None,fagiano
FAYYÁXA,208,None,None,j,y,None,y,y,None,frascoa,None,None,None,None
FELATHURA,210,None,melladura,poil,None,peí,peí,y,None,biloá,pilatura,per,None,None
FELCHA,210,None,None,None,None,y,None,None,None,None,None,None,None,None
FERIA,211,None,féira,None,Jira,Jira,féira,y,None,None,joria,None,None,fiera
FERRÁTH,211,None,ferrete,None,None,fer,None,ferrete,None,None,None,None,None,None
FERRÁTHA,211,None,None,None,None,None,None,None,None,None,None,None,None,None
FERRÉIRA,211,y,None,None,None,None,None,None,None,None,ferraria,None,None,ggr
FERREIRÚLA,212,None,None,None,None,None,None,None,None,None,None,None,None,None
FERRÍX,212,None,None,None,ferrija,None,None,None,None,None,None,None,None,None
FERRIXÉL,212,None,None,None,None,None,None,herrezuelo,None,None,None,None,None,None
FERRO,212,None,é,fer,H,ferré,ferré,None,None,None,ferrum,fer,None,None
FERRÓCH,212,None,None,None,None,None,None,None,None,None,None,None,None,None
FERTHÁS,213,None,None,None,None,None,None,None,None,None,None,None,None,None
FEUNÍA,213,None,None,None,None,None,None,None,None,None,None,None,None,None
FÉXTA,213,None,y,fétey,None,None,None,None,None,None,fesíum,None,None,None
FICÁRIA,213,None,figueira,None,None,None,figueira,None,None,None,None,None,None,None
FICARÓLA,213,None,None,None,None,None,None,higueruela,None,None,None,None,None,None
FÍCO,213,None,y,None,figa,None,figa,y,None,None,jfc,None,None,None
FIELI,214,None,None,None,None,None,None,None,None,None,None,None,None,None
FIERRO,214,None,None,None,None,None,None,None,None,None,None,None,None,None
FIGERÓLA,214,None,None,None,N,None,None,None,None,None,None,None,None,None
FIGUEIRÓLA,214,None,None,None,None,None,None,None,None,None,None,None,None,None
FILACTÉRIA,214,None,None,None,None,filactéria,None,filactéria,None,None,filaterium,None,None,None
FILÁCH,214,None,None,None,y,None,None,hilazas,None,Hacha,None,None,None,None
FÍLCHA,215,None,None,None,None,None,None,None,None,None,feles,None,None,None
FÍQUE,215,None,None,None,None,None,None,None,None,None,None,None,None,None
FIRMAS,215,None,None,None,None,None,None,None,None,None,None,None,None,None
FIRMÉTHA,215,None,None,fermeté,y,y,None,y,None,None,firmitas,None,None,fermezza
FIRTHÁS,216,None,None,None,None,None,None,None,None,None,None,None,None,None
FISONOMÍA,216,None,é,None,fisónom,None,phyr,fisónomo,None,None,physiognomia,None,None,None
FÍXCO,217,None,é,é,None,None,None,None,None,None,None,None,None,fisco
FÍXTULA,217,None,None,None,None,None,None,None,None,None,None,None,None,None
FLEGMÓN,217,y,None,None,None,None,y,y,None,lorea,Gr,None,None,flor
FLORÍN,217,None,None,é,None,y,None,None,None,None,None,None,None,None
FLUM,218,y,None,None,y,None,None,y,None,None,None,None,None,None
FOCCÓN,218,None,None,None,None,None,None,None,None,None,None,None,None,None
FOCO,218,Cast,Cast,feu,joch,jog,y,Cast,None,None,foeus,None,None,foeo
FOGÓN,218,é,falcáo,faueon,faleó,faleó,fale,haleon,None,None,None,None,None,faleone
FOCHLÁIRA,219,None,None,None,None,None,None,fruslera,None,None,joliarius,None,None,None
FÓCHO,219,None,None,None,None,None,None,None,None,None,None,None,None,None
FOLÉYO,219,None,None,None,None,None,None,polígala,None,None,polygala,None,None,None
FOLIO,220,folia,y,feuille,fulla,fulla,fuelha,foja,None,None,None,None,None,foglia
FOLLAR,220,None,None,None,None,None,None,None,None,None,None,None,None,None
FOLLUZ,221,None,None,None,None,None,None,None,None,None,None,None,None,None
FOLUÉTHA,221,None,None,None,None,None,None,None,None,None,None,None,None,None
FONCOJ,221,None,None,None,None,None,None,hongo,None,ontoa,functís,None,None,None
FONDÓN,221,None,None,None,é,None,None,hondón,None,ondoa,None,None,None,fondo
FONT,221,None,None,None,None,None,None,None,None,None,None,None,None,None
FONTÁNA,221,jontáiña,jontáiña,None,None,None,y,poético,None,None,fontana,None,None,y
FONTANÉLLA,222,None,None,None,None,None,None,é,None,None,None,None,None,None
FÓNTE,222,fonte,fonte,None,font,None,font,fuente,None,None,jons,None,None,None
FONTECHÉLLA,222,None,None,None,None,None,None,fontezuela,None,None,None,None,None,None
FONTÍN,223,fontiña,fontinha,None,None,None,None,None,None,None,None,None,None,None
FONTINELLA,223,None,None,None,None,None,None,None,None,None,None,None,None,None
FORÁNICO,223,None,None,None,None,None,None,None,None,None,None,None,None,None
FORATÉLLO,224,None,None,None,None,None,None,fora,None,None,None,None,None,None
FORÁTH,224,forado,furado,forer,None,y,None,forado,None,None,foratus,None,None,forato
FORÁTO,224,None,None,None,None,None,None,None,None,None,None,None,None,None
FÓRCA,224,None,None,fourche,None,None,é,horca,None,None,None,furca,None,None
FORCÁXA,225,None,None,None,None,None,fourcas,None,None,None,None,None,None,None
FORCÓN,225,None,None,None,jurgó,None,fourchoun,horcón,None,urculloa,None,None,None,forcone
FORGOLÉTH,226,None,é,None,None,None,None,fraga,None,None,fragoletum,None,None,None
FÓRMA,226,None,None,None,None,None,None,horma,None,None,forma,None,None,None
FORMÁTHA,227,None,None,None,None,None,None,None,None,None,de,None,None,None
FORNÁCH,228,None,None,None,None,None,None,None,None,None,None,None,None,None
FORNÁCHO,228,y,None,fourneau,None,None,fornelh,hornacho,None,None,None,None,None,forna
FORNACHÓLO,229,forneiro,forneiro,None,forne,forne,None,hornero,None,None,None,None,None,None
FORNATILA,229,None,None,None,None,None,None,hornachuela,None,None,fornacula,None,None,None
FORNAXÉR,229,None,None,None,None,None,None,None,None,None,None,None,None,None
FORNÁYR,229,None,None,None,None,None,None,None,None,None,None,None,None,None
FÓRNO,229,None,é,None,None,None,None,horno,None,None,None,None,None,None
FÓRO,230,None,None,fourreau,None,y,fourréu,aforro,None,None,fodera,None,None,fodera
FORONTÁL,230,None,None,None,None,None,None,None,None,None,None,None,None,None
FORRÍN,230,None,None,None,None,None,None,None,None,None,pórrigo,None,None,None
FORTUNA,230,None,None,None,None,None,None,None,None,None,None,None,None,None
FÓXCA,231,None,None,None,None,None,None,None,None,None,None,None,None,None
FÓYO,231,focha,foio,None,None,mod,None,y,None,None,fogia,None,None,None
FRAGA,231,fraga,fraga,None,y,None,None,None,None,None,fraga,None,None,None
FRAGELLA,231,None,None,None,None,None,None,None,None,None,None,None,None,None
FRANCOLÍN,231,None,francolim,None,francoli,francoli,francoula,y,None,None,francolinus,None,None,fran
FRÁXINO,232,y,None,fraisne,None,freija,y,fresno,None,None,frassinus,None,None,frassino
FRÍCHA,232,None,None,frise,None,None,é,None,None,None,None,None,None,frisa
FRÍDA,232,None,None,None,None,None,None,None,None,None,None,None,None,None
FRÍDO,232,frido,é,froid,freí,y,freí,frido,None,None,frigidus,None,None,frigido
FRONTÁIRA,232,fron,fron,frontiere,frontera,frontera,é,None,None,None,frontaria,None,None,frontiera
FRONTAL,233,None,y,frontal,None,None,None,None,None,None,None,None,None,None
FUÉNCO,233,None,None,None,None,None,None,None,None,None,fucus,None,None,None
FUÉNT,233,None,None,None,None,None,None,None,None,None,None,None,None,None
FULLIÍN,233,None,None,None,None,None,None,hollin,None,None,fuligo,fu,None,None
FULÚMEN,234,None,None,None,None,None,None,None,None,None,None,None,None,None
FUNGO,234,None,None,None,None,None,None,None,None,None,None,None,None,None
FUNDA,234,None,None,None,y,None,None,None,None,None,None,None,None,fonda
FUNUAMENTO,235,None,None,fondement,y,None,fonda,y,None,None,fundamentum,None,None,fondamento
FURFÚLLA,235,None,None,furfure,None,None,None,fórfolas,None,None,fúrfures,None,None,fórfora
FÚRFURA,235,None,púrpura,pourpre,None,None,porpra,None,None,None,púrpura,None,None,pórpora
FURTOBÍB,235,None,None,None,None,None,None,None,None,None,None,None,None,None
FÚXCA,235,None,é,None,fosch,fosch,None,hosco,None,None,None,None,None,fosco
FUXIEL,236,None,jusellos,juseau,jusello,None,y,husillo,None,None,fúsela,None,None,fusaiuolo
FUXTÁL,236,None,None,None,None,None,None,None,None,None,None,None,None,None
FUXTUL,237,None,None,None,None,None,None,None,None,None,None,None,None,None
GÁBIA,239,None,gávea,gabie,gavia,None,gábia,gavia,None,None,gabia,None,None,gabbia
GÁCHTO,239,None,é,guede,None,None,None,None,None,None,V,None,None,glasto
GÁITHA,239,None,None,None,None,None,None,None,None,None,None,None,None,None
GAL,239,None,None,None,None,None,pal,gáleo,None,None,Gr,None,None,None
GALACHO,239,None,None,None,None,None,None,None,None,None,None,None,None,None
GÁLIBA,239,None,None,None,None,None,None,None,None,None,de,None,None,None
GALIÓN,240,None,galeao,galion,None,galio,galion,galeón,None,galeoya,gáleo,None,None,None
GALIÓTHA,241,None,None,gallote,None,galioía,galioía,None,None,y,galeota,None,None,None
GALLA,241,None,None,noix,agalla,gala,é,agalla,None,None,galla,None,None,galla
GÁLLIA,241,None,Gallla,None,None,None,None,Galia,None,None,Gallla,None,None,None
GALLICÁCHACH,241,None,None,None,None,None,None,None,None,None,Galll,None,None,None
GALLICRÍCHA,241,None,None,None,None,None,None,None,None,None,None,None,None,None
GALLÍNA,241,galiña,galllnha,géllne,None,None,gallna,None,None,None,gallina,galna,None,None
GALLÍXCO,241,galo,é,None,y,None,gal,greguisco,None,None,gallus,None,None,None
GANCHO,242,gincho,ganxo,None,ganjo,ganxo,ganche,y,None,None,None,None,None,gand
GARAINÓN,243,None,None,None,None,None,None,gra,None,None,granum,None,None,None
GARÁNA,243,y,ra,grenouille,granota,granota,graniola,é,None,None,None,None,None,rana
GARBEL,244,None,None,None,None,None,None,arpella3,None,None,harpella,None,None,None
GARGONTÍA,244,None,None,None,None,None,None,None,None,None,None,None,None,None
GARNACHA,244,None,garnacha,garnache,garnaja,garnatxa,garnacha,guarnir,None,garnachea,garnacia,None,None,None
GARNÁDHA,245,None,None,None,None,None,None,None,None,None,None,None,None,None
GARNATHÍLLA,245,None,None,None,None,None,None,None,None,None,None,None,None,None
GARNATÍLLA,245,None,None,None,None,None,None,None,None,None,None,None,None,None
GARSÓN,245,None,gar,garlón,garg,garsó,garsou,garzón,None,None,gardo,None,None,garzone
GASCUÑA,245,None,None,None,None,None,None,None,None,None,None,None,None,None
GATA,246,None,None,None,None,None,None,None,None,None,None,None,None,None
GÁTHO,246,None,None,None,None,None,None,None,None,None,None,None,None,None
GATTÁIRA,246,None,gateira,chatiere,gatera,gatera,gañera,None,None,None,gattarius,None,None,None
GATTAR,246,None,None,None,None,None,None,gatear,None,None,None,None,None,None
GATTEL,247,gatiño,gatiño,Gattel,y,None,None,None,None,None,catellus,None,None,None
GAUDZAN,247,ganar,ganar,gagner,guanyar,guanyar,gaaniar,ganar,None,None,None,None,None,None
GÁUN,248,None,None,None,None,None,None,None,None,None,None,None,None,None
GAXALYÁN,248,None,None,None,None,None,None,None,None,None,gasalianis,None,None,None
GAXCÓN,249,None,vasquinha,None,None,None,None,basquina,None,None,Vasco,None,None,None
GAXCUNIA,249,None,Gascunna,Gascogne,None,None,None,Gascuña,None,None,Vasconia,None,None,None
GÁYTA,249,None,None,None,None,None,None,None,None,None,None,None,None,None
GAYUBÉL,249,None,None,None,None,None,None,None,None,None,None,None,None,None
GIRIVÍA,249,churuvía,AL,None,None,None,None,chirivía,None,None,None,None,None,None
GLORIA,250,None,None,gloire,None,None,None,None,None,loria,None,None,None,gloria
GÓCO,250,None,goivo,None,goig,gotj,gáud,y,None,gozoa,gaudium,None,None,gaudio
GODIÉLLA,250,None,None,None,None,None,None,None,None,None,None,None,None,None
GÓLGOTHA,250,None,é,gomme,goma,goma,gouma,Gólgota,None,None,gu,None,None,None
GOMBÁZ,250,None,None,None,None,None,None,None,None,None,None,None,None,None
GONDORÍNA,251,andoriña,andorinha,hiron,oronella,aureneta,hirunda,andolina,None,None,None,rindune,None,hirondine
GÓRDHO,252,None,gordo,gour,gort,None,gort,gordo,None,None,gurdus,None,None,None
GORDOMÁN,252,None,None,None,None,None,None,None,None,None,None,None,None,None
GORGÁYRA,252,None,gorja,gorgere,gor,None,é,gor,None,None,gorgale,None,None,gorgiera
GÓRGO,252,None,None,gour,None,gorg,gorc,None,None,None,gorga,None,None,gorgo
GORGÓTE,253,None,None,None,None,None,None,None,None,None,None,None,None,None
GÓTHA,253,None,gota,None,None,None,gota,None,None,None,guta,y,None,goíía
GRAFIÓN,253,None,None,greffe,None,None,graji,grafio,None,None,graffio,None,None,None
GRÁMEN,253,None,grama,gramen,y,y,None,y,None,None,None,None,None,gramigna
GRANÁTA,254,None,None,None,None,None,None,None,None,None,None,None,None,None
GRANATELLA,254,None,None,None,None,None,None,None,None,None,None,None,None,None
GRANÁTHA,254,None,None,None,magrana,magrana,granada,mal,None,None,None,None,None,None
GRECO,254,None,None,None,Greg,Greg,None,Griego,None,None,Grcecus,None,None,Greco
GRÉNIA,254,crechas,crenchas,None,clenja,clenxa,None,crenche,None,None,crinicula,None,None,None
GRUYA,255,None,grou,None,pl,None,é,grulla,None,curulloa,None,grue,None,grúa
GUEDEJA,255,gadella,gadelha,None,vedilla,None,None,guardaja,None,None,villicula,None,None,None
GUERRA,255,None,None,guerre,None,None,é,None,None,guerrea,guerra,None,None,None
GUGÍTA,256,None,None,None,None,None,None,None,None,None,None,None,None,None
GUINDA,256,None,ginja,guigne,guinda,guinda,guinier,guinda,None,guinda,None,None,None,None
GURDU,258,None,gordo,None,None,None,None,gordo,None,None,None,None,None,None
GURRIÉLLA,258,None,None,None,None,None,None,poligonato,None,None,del,None,None,None
GÚSTHO,258,y,None,None,None,None,g,é,None,gustoa,None,gust,None,gusto
HÁCCA,259,None,None,None,None,None,None,None,None,None,None,None,None,None
HACHO,259,y,None,None,haja,atxa,None,hacha,None,None,None,fdclte,None,faceita
HAILEMA,259,None,celeuma,None,None,None,None,saloma,None,None,Gr,None,None,None
HALDA,260,jaldra,jaldra,None,None,None,é,halda,None,None,None,None,None,jalda
HALLELTJYA,260,None,None,None,None,None,None,None,None,None,alleluia,None,None,None
HALÓN,261,None,None,None,None,None,None,None,None,None,None,None,None,None
HAMMÉDA,261,None,None,None,None,None,None,None,None,None,None,None,None,None
HAPAPÁURA,262,None,None,None,None,None,None,None,None,None,None,None,None,None
HÁQQUA,262,y,hacanea,haque,haca,haca,haqueneya,moá,None,None,hakeneius,None,None,acchinea
HARABULJ,263,None,orla,None,None,None,orle,orilla,None,None,orula,None,None,orlo
HARDÁL,264,None,None,None,None,None,None,None,None,None,None,None,None,None
HATHRÁCH,265,fadraga,None,None,None,None,None,None,None,None,None,None,None,None
ÍÍAURÍYA,266,None,corea,choree,None,None,None,corea,None,None,None,hora,None,carola
HELÓNIA,266,None,None,None,None,None,None,None,None,None,Gr,None,None,None
HERÍNGA,266,None,xeringa,seringue,eixe,xeringa,seringa,jeringa,None,None,syringa,None,None,sciringa
CÁLLOX,267,None,None,None,None,None,None,None,None,None,None,None,None,None
HIÉL,267,None,y,None,None,None,y,hiél,None,None,fel,None,None,None
HÍLIA,267,fel,fel,None,None,None,None,hiél,None,None,None,None,None,None
HOLÓNIA,267,None,None,None,None,None,None,None,None,None,None,None,None,None
HORROBÍBAL,267,None,None,None,None,None,None,None,None,None,w,None,None,None
HOXÁNNA,268,None,None,é,None,None,None,None,None,None,osanna,None,None,y
HÚNDEBE,268,None,None,None,None,None,None,None,None,None,None,None,None,None
IBÍX,269,None,None,None,None,None,None,ibéride,None,None,Gr,None,None,None
IBRÁIR,269,None,None,None,None,None,None,None,None,None,None,None,None,None
IBRÍL,269,None,None,None,None,None,None,None,None,None,None,None,None,None
ICRÍXTA,269,None,None,None,None,None,None,None,None,None,None,None,None,None
ICHIMÁYL,269,None,lagrimal,None,None,y,None,lagrimal,None,None,lacrímale,None,None,None
IDOLATRÍA,269,None,None,ido,None,None,é,None,None,None,Gr,None,None,idolatría
IDROMÉLI,269,None,None,hydromel,None,hidromel,None,hidromel,None,None,Gr,None,None,idromele
IFRÁNCIA,269,None,None,None,None,None,None,None,None,None,None,None,None,None
IFRÍCHA,269,None,None,None,None,None,None,None,None,None,None,None,None,None
IGRÍL,269,grito,é,grillan,g,None,g,None,None,quirrilloay,None,None,None,grillo
IGRIQUÍA,270,None,é,G,None,None,Grefa,None,None,None,Grcecia,None,None,None
ILÁCOX,270,None,None,None,None,None,None,None,None,None,None,None,None,None
IMBLÍC,270,embigo,embigo,nombril,llombrigol,llombrigol,embelic,ombligo,None,None,umbilicus,buric,None,ombelico
ÍMNO,270,None,hymno,y,him,him,hymno,himno,None,himnoa,None,None,None,None
IMPERATHÓR,270,None,None,None,None,None,None,None,None,None,None,None,None,None
INDISIÓ,270,None,in,é,indicció,indicció,indicciéu,indicción,None,None,indictio,None,None,None
INDULYENXIA,270,None,indulgencia,é,indulgenfa,None,indulgenfa,endolencias,None,None,indulgentia,None,None,in
INFÁXTO,271,None,é,None,infaust,infaust,None,None,None,None,infaustus,None,None,infausto
INGENIE,271,None,encenias,encénies,None,None,None,encenias,None,None,enc,None,None,None
INQUÍLIA,271,None,inquinar,None,None,None,None,inquinar,None,None,é,None,None,inquinare
IPRÍXMA,271,None,None,None,None,None,None,None,None,None,None,None,None,None
IRXUTA,271,None,None,None,None,None,None,draba,None,None,None,None,None,None
ISCLATHÓN,271,None,None,None,None,None,None,None,None,None,None,None,None,None
ISFÁNCH,271,None,None,None,None,None,None,None,None,None,None,None,None,None
ISFINÁCH,271,None,None,None,None,None,None,None,None,None,None,None,None,None
ISFINCHA,271,None,None,None,None,None,None,None,None,None,None,None,None,None
ISQUILFÉCH,272,None,None,None,None,None,None,None,None,None,None,None,None,None
ISTÍP,273,None,None,None,None,None,None,None,None,None,None,None,None,None
ISTORIA,273,None,historia,histoire,None,None,historia,None,None,None,Gr,None,None,istoria
ITHRÁNCA,273,None,tranca,tronc,None,None,tronc,tranca,None,tranca,trun,trunchiu,trunc,tronco
ITHRAVEXÁIN,273,travesa,tra,None,travesany,travesser,tra,atravesaño,None,travesañoa,None,None,None,None
ITHRAVEXÁIRA,273,None,None,None,tr,tr,None,ca,None,None,transversoria,None,None,None
ITRÁMA,274,None,estrumas,None,None,None,None,None,None,None,truma,None,None,struma
IXCACÓRA,274,None,estomagar,None,estomacar,estomacar,None,estomagar,None,None,None,None,None,None
IXCÁLA,275,None,None,None,None,None,None,None,None,None,None,None,None,None
IXCÁMA,275,None,None,None,None,None,None,None,None,None,squama,None,None,None
IXCAMONÍA,275,None,escamonea,scammonée,None,None,escamonea,None,None,None,Gr,None,None,scamonéa
IXCÁN,275,escaño,escaño,None,None,asco,escanh,escaño,None,None,scannum,scaun,None,scanno
IXCARÍA,275,None,None,None,None,None,None,None,None,None,None,None,None,None
IXCÁURIA,276,None,None,None,None,None,None,None,None,None,None,None,None,None
IXPÁTHA,276,None,None,None,None,None,None,None,None,None,None,None,None,None
IXQUÍL,276,None,None,None,None,None,None,None,None,None,None,None,None,None
IXOUIRLÁT,276,None,None,None,None,None,None,None,None,None,None,None,None,None
IXTÍP,276,None,None,None,None,None,None,None,None,None,None,None,None,None
IZFÁNJA,276,None,None,None,None,None,None,None,None,None,None,None,None,None
ÍZÍLLOX,276,None,None,None,None,None,None,None,None,None,None,None,None,None
IZPARÁNJA,276,None,None,None,None,None,None,None,None,None,None,None,None,None
IZPINÁG,276,None,None,None,None,None,None,None,None,None,None,None,None,None
IZTÍPA,276,None,None,None,None,None,None,None,None,None,None,None,None,None
JAÁRAFÍA,277,None,None,None,None,None,None,None,None,None,None,None,None,None
JABÁYRA,277,AL,None,None,None,None,None,None,None,None,None,None,None,None
JACÍNT,278,None,jacinto,hyac,None,y,None,None,None,None,None,None,None,None
JARÁFAN,278,None,gerifalte,gerfaut,gerifalt,girifalt,girfale,gerifalco,None,None,gerfalchus,None,None,gerfalco
JARBAX,278,None,None,None,None,None,None,None,None,None,None,None,None,None
JARRA,279,None,None,None,None,None,None,None,None,None,None,None,None,None
JASPE,279,None,y,None,id,None,None,None,None,None,Gr,None,None,jáspide
JELIDÓNIA,279,ciridonia,é,chelidoine,None,None,None,golondrinera,None,None,chelidonia,None,None,celidonia
JERÁXA,279,None,None,None,None,None,None,None,None,None,Gr,None,None,None
JORÓN,280,girón,girdo,gueron,None,None,None,girón,None,None,gero,None,None,garone
JULIO,281,None,None,None,None,None,None,None,None,None,None,None,None,None
JUNCARÍL,281,None,None,None,None,None,None,None,None,None,None,None,None,None
JUNIO,281,None,None,None,None,None,None,None,None,None,None,None,None,None
JUNOUÉIRA,281,None,None,None,None,None,None,None,None,None,None,None,None,None
KALB,282,None,None,None,None,None,None,None,None,None,None,None,None,None
KARBEX,282,None,None,None,None,None,None,None,None,None,None,None,None,None
KIRIELEIXÓN,282,None,None,kirie,None,None,kirieeleison,kirieleisón,None,None,Ecl,None,None,None
LABÁCH,283,None,None,None,None,None,None,None,None,None,None,None,None,None
LABÁH,284,None,lá,la,None,None,None,laháx,None,None,illac,None,None,None
LABÁRCA,284,None,None,None,None,None,é,None,None,None,None,None,None,None
LABRUXC,285,None,None,lambruche,None,None,é,None,None,None,labrusca,None,Ijarrusk,lambrusca
LABSÁN,285,None,lámpsana,lampsane,None,None,None,lámpsana,None,None,OJXÍNA,None,None,None
LACÁINA,285,langaña,None,None,llaganya,llaganya,lagagna,p,None,lacaña,lacinia,None,None,None
LÁCCA,285,None,None,None,None,None,None,None,None,None,None,None,None,lacea
LACCÁX,285,None,None,None,None,None,None,None,None,None,None,None,None,None
LÁCOCH,285,None,é,lac,llach,llach,lague,None,None,None,Gr,lac,None,None
LACH,286,None,None,None,None,None,None,None,None,None,None,None,None,None
LACHÁCH,287,None,None,None,None,None,None,None,None,None,None,None,None,None
LACHÁYRA,287,None,None,lucarne,None,lluerna,lucarna,None,None,None,None,None,None,None
LACHCH,287,None,None,None,None,lias,None,lazo,None,None,None,None,None,None
LACHCHÁCH,287,None,luzir,None,Huir,Huir,luzir,lucir,None,None,None,None,None,y
LACHGHÁN,288,None,None,None,None,None,None,None,None,None,None,None,None,None
LÁDAN,288,None,None,None,None,None,None,None,None,None,None,None,None,None
LAFÓNTE,288,None,None,None,None,None,None,None,None,None,None,None,None,None
LAGUÉYNA,288,lula,lula,None,None,None,None,None,None,None,lulligo,None,None,lolligine
LÁIC,289,None,é,lai,laich,laye,é,lego,None,None,None,None,None,laico
LAIRÓN,289,None,None,None,None,None,None,None,None,None,Gr,None,None,None
LAJJAN,289,None,None,None,None,None,None,None,None,None,lax,None,None,None
LAJTHÁCH,289,None,lodo,None,None,llot,None,loda,None,loya,lutum,None,None,loto
LAJTÁIRA,290,None,None,None,None,None,None,cuajaleche,None,None,del,None,None,None
LAJTAIRÓLA,290,None,None,None,None,None,None,None,None,None,lactariola,None,None,None
LAJTÍN,291,None,None,None,None,None,None,None,None,None,lac,None,None,None
LAJTUÉCA,291,None,None,None,None,None,None,None,None,None,de,None,None,None
LÁLLA,291,None,None,None,None,None,None,None,None,None,None,None,None,None
LAMÁCH,291,lamazal,lama,None,None,None,None,lama,None,None,lama,None,None,lama
LAMPAZO,292,None,lampaso,la,llapaga,llapassa,lampoudier,lampazo,None,lapa,None,None,None,None
LANGA,292,None,None,None,None,None,None,None,None,None,None,None,None,None
LANCHA,293,None,None,None,None,None,None,None,None,None,None,None,None,None
LANCHAR,293,None,lagar,None,None,None,None,ggr,None,None,None,None,None,None
LANCHARÓN,293,None,None,None,None,None,None,None,None,None,None,None,None,None
LÁNGAR,294,None,None,None,None,None,None,None,None,None,None,None,None,None
LÁNICA,294,None,None,None,None,None,None,None,None,None,None,None,None,None
LANPREA,294,None,lamprea,lamproie,None,llamprea,lampre,lamprea,None,lampardá,lampreda,None,None,lampreda
LAPA,294,None,None,None,None,None,None,None,None,None,lappaceuSj,None,None,None
LAPÁT,295,None,None,None,None,None,None,None,None,None,None,None,None,None
LAPÉILLA,295,None,None,None,llepa,rébola,None,None,None,None,Gr,None,None,None
LAPÓRIO,296,None,None,None,None,None,None,lapa,None,lapa,None,None,None,None
LÁPPA,296,None,None,lampourde,None,llapassa,lampourda,cadillo,None,lapa,None,None,None,lappola
LARÓL,296,None,None,None,None,None,None,None,None,None,None,None,None,None
LATHÁRIA,296,leiteira,leiteira,laitiere,lletrera,Hetera,lacheira,lechetrezna,None,None,lactaria,None,None,None
LATHÉLLA,297,None,piattola,None,llade,ladella,None,ladilla,None,None,blatta,None,None,blat
LÁTHENA,297,None,None,None,None,None,None,None,None,None,None,None,None,None
LATHTÉRNA,297,None,None,None,None,None,None,None,None,None,None,None,None,None
ATHERNO,297,laderno,alaterno,nerprun,lladern,adern,alader,aladierna,None,None,None,None,None,None
LATHÍN,297,None,L,None,L,None,None,None,None,L,None,None,None,None
LATHÓN,298,None,latao,latón,l,l,la,ALATON,None,None,None,None,None,None
LATÍN,299,None,None,None,None,None,None,None,None,None,None,None,None,None
LAUCHÁR,299,None,None,None,None,None,None,None,None,None,None,None,None,None
LAUDA,299,None,loa,None,lloa,lloa,None,é,None,None,laus,lauda,None,lodé
LAUDANUN,299,None,None,None,None,None,None,None,None,None,None,None,None,None
LAURA,299,None,None,None,None,None,None,None,None,None,None,None,None,None
LAURÁNCA,299,None,None,None,None,None,None,None,None,None,None,None,None,None
LAURÁRIA,299,None,None,None,None,None,None,None,None,None,laurearius,None,None,None
LAURÉT,299,None,None,None,None,lloredar,None,lauredal,None,None,lauretum,None,None,None
LÁURO,300,loureiro,é,laurier,llorer,llorer,é,None,None,None,laurea,None,None,alloro
LAUTHAR,300,louco,louquejar,None,loquejar,None,mod,loquear,None,leloá,None,None,None,None
LÁUXA,300,lousa,lousa,None,llosa,llosa,None,lauda,None,y,None,None,None,None
LAUXÁR,302,None,None,None,None,None,None,lanchar,None,None,None,None,None,None
LAXAMÁX,302,None,argamassa,None,argamasa,argamassa,None,argamasa,None,None,None,None,None,None
LÁYO,303,laido,é,laidj,None,None,laidj,None,None,laidotsua,None,None,None,laido
LAYRÓN,304,None,None,None,None,None,None,None,None,None,None,None,None,None
LAZCÓNA,304,None,ascunka,None,None,escoria,ascona,azcona,None,None,None,None,None,None
LEBÁCH,304,None,None,None,None,None,None,None,None,None,None,None,None,None
LEBREL,304,None,lebrel,lévrier,llehrell,llebrer,lehrier,lebrel,None,lebrela,leporalis,None,None,lemiere
LECRÍDIA,304,None,None,None,None,None,None,None,None,None,None,None,None,None
LECTHOR,304,None,y,lecteur,None,None,lector,None,None,None,None,None,None,None
LÉCUA,304,None,legua,lieue,llégua,llégua,legua,leuga,None,lecoa,lega,None,None,lega
LÉCHNA,305,None,None,None,None,None,None,None,None,None,elix,None,None,None
LEGÚEME,305,None,None,None,None,None,é,None,None,None,Gr,None,None,lamia
LEGXÍA,305,None,None,None,None,None,None,None,None,None,None,None,None,None
LELLA,306,None,None,None,None,None,None,None,None,None,None,None,None,None
LENTHÍNA,306,None,entena,antenne,None,None,entena,None,None,None,an,None,None,antenna
LÉPEY,306,None,lébre,lievre,liebre,liebre,lébre,y,None,None,None,None,None,None
LEPÉZQA,307,None,lepidio,None,lepidi,None,None,lepidio,None,None,Gr,None,None,None
LÉPORE,307,None,None,None,None,None,None,None,None,None,None,None,None,None
LÉTE,307,leite,leite,lait,llet,llet,lach,leche,None,None,lac,lapte,None,latte
LETECHÍNO,307,None,None,None,llicsó,llacxó,lachairou,None,None,None,None,None,None,None
LETERÓLA,308,None,None,None,None,None,None,None,None,None,None,None,None,None
LETERÓRA,308,None,None,None,None,None,None,None,None,None,None,None,None,None
LETHANÍA,308,None,ladainha,litanies,lletanía,lledama,letanías,kdania,None,kdania,letanía,None,None,lita
LÉTHO,308,ledo,ledo,None,None,None,None,poético,None,None,l,None,None,líeto
LETHRÉRA,308,leitetrezna,None,None,None,None,None,lechetreznciy,None,None,None,None,None,None
LETÚCA,309,y,leituga,laitue,lletua,llatuga,None,lechuga,None,None,None,laptuca,latugke,lattuca
LÉUXA,309,None,lousa,None,None,llosa,None,losa,None,None,None,None,None,lastra
LEXÍA,309,None,None,None,None,None,None,None,None,None,None,None,None,None
LÉXNA,309,None,None,None,None,None,None,None,None,None,None,None,None,None
LEYO,309,None,ledo,é,Ileo,Ileo,leo,león,None,leoya,Gr,leu,None,leone
LIBREE,309,None,None,None,llibrell,llibrell,None,lebrillo,None,None,labelíum,None,None,None
MCRÍDIA,310,None,diagridio,diagrede,None,None,None,diagridio,None,None,Farm,None,None,None
LÍCUA,310,None,None,None,None,None,None,None,None,None,None,None,None,None
LIEBRE,310,ñlio,ñlio,None,l,l,None,lirio,None,Ulia,None,None,None,None
LÍMMA,310,None,None,None,None,None,None,And,None,None,por,None,None,None
LÍNNEA,310,None,None,None,None,None,None,y,None,None,linea,None,None,None
LÍP,311,None,None,None,None,None,None,None,None,None,lippus,None,None,leppo
LÍPULA,311,None,None,None,None,None,None,None,None,None,lippitudo,None,None,None
LIRIÉT,311,None,None,None,N,ggr,None,None,None,None,lilietum,None,None,None
LITOXTHRÁTHUX,311,None,None,None,None,None,None,None,None,None,litostratum,None,None,None
LIVÁRDA,311,None,None,None,None,None,None,None,None,None,None,None,None,None
LIXÉNSO,311,None,None,None,None,None,None,None,None,None,None,None,None,None
LIXTHÓN,311,None,None,None,None,None,None,None,None,None,None,None,None,None
LÍYA,312,None,cao,chien,None,None,chi,None,None,None,del,None,None,pesce
LOBA,313,None,None,None,None,None,None,None,None,None,Lupa,None,None,None
LÓBB,313,None,None,None,None,None,None,None,None,None,None,None,None,None
LÓBBO,313,None,None,None,None,None,None,None,None,None,None,None,None,None
LOBO,313,None,None,None,None,None,None,None,None,None,None,None,None,None
LÓBRA,313,None,None,loup,lio,v,loup,lobina,None,None,lupus,None,None,None
LÓCXA,313,None,None,None,None,estellar,None,astillar,None,None,None,None,None,None
LÓJNA,314,None,None,None,None,None,None,None,None,None,None,None,None,None
LOLUELYO,314,None,joio,None,None,y,jueill,lólio,None,lolloá,lolium,None,None,None
LONCO,314,longo,longo,é,llong,llonch,Ion,luengo,None,None,longus,lung,None,lungo
LOPÁIRA,316,None,None,None,None,None,None,artanita,None,None,luparius,None,None,None
LOPEL,316,None,None,None,None,None,None,lohejo,None,None,lupellus,None,None,None
LOPES,316,None,None,None,None,None,None,None,None,None,None,None,None,None
LÓPO,316,None,None,None,None,None,None,None,None,None,None,None,None,None
LORA,316,None,None,None,None,None,None,None,None,None,None,None,None,None
LORBÁCO,316,None,None,None,None,None,None,None,None,None,y,None,None,orbáco
LORO,316,l,l,None,None,None,None,loro,None,None,None,None,None,None
LÓSA,317,None,None,None,N,None,None,None,None,None,None,None,None,None
LOYÓN,317,None,None,None,None,None,None,None,None,None,None,None,None,None
LUBB,317,None,None,None,None,None,None,None,None,None,None,None,None,None
LUBÉL,317,None,None,None,None,None,None,None,None,None,None,None,None,None
LUC,317,luco,luco,None,None,None,None,None,None,None,lucus,None,None,None
LUGAR,317,None,None,None,None,None,None,None,None,None,lucaris,None,None,None
LUGO,317,None,None,None,None,None,None,None,None,None,None,None,None,None
LUCH,317,None,None,None,None,None,None,None,None,None,None,None,None,None
LUGHERNA,317,None,None,None,None,None,None,None,None,None,lucerna,None,None,lucerna
LUJTHÁCH,318,None,None,None,None,None,None,None,None,None,None,None,None,None
LULO,318,None,None,None,None,None,None,None,None,None,None,None,None,None
LUMBÍLLA,318,None,é,None,llomell,lumhus,None,lomillo,None,None,lumbellus,None,None,lumbo
LÚNCO,318,None,None,None,None,None,None,None,None,None,None,None,None,None
LUPÁIRA,318,None,None,None,None,None,None,baila,None,None,None,None,None,None
LUPAIRÓN,318,None,None,None,None,None,None,None,None,None,None,None,None,None
LUPÉL,318,None,None,None,None,None,None,None,None,None,None,None,None,None
LÚPO,319,None,None,None,None,None,None,None,None,None,None,None,None,None
LUPÓN,319,None,None,None,None,None,None,None,None,None,None,None,None,None
LÚPU,319,None,None,None,None,None,None,None,None,None,None,None,None,None
LUTHÉBIA,319,None,None,None,None,None,None,None,None,None,None,None,None,None
MACACA,320,None,macaco,macaque,None,None,macaco,macaco,None,None,None,None,None,None
MACACÓN,320,None,None,magot,None,None,None,None,None,None,None,None,None,None
MACALÓNA,321,None,None,None,None,None,None,None,None,None,None,None,None,None
MACÁRCHA,321,None,None,None,None,None,None,None,None,None,None,None,None,None
MÁCCAR,321,macar,maguer,None,None,None,macari,magar,None,None,None,None,None,None
MAJORCA,322,mazaroca,magaroca,None,None,None,massugo,majorca,None,mazorquea,masuchus,None,None,None
MAQRÍA,323,None,None,None,None,None,None,None,None,None,None,None,None,None
MADACHA,324,None,None,None,None,None,None,None,None,None,None,None,None,None
MADEJA,324,madeixa,madexa,None,None,madexa,madaisa,madeja,None,mataza,None,None,None,None
MADHRÁCHO,324,None,madrafo,None,None,None,None,modrego,None,None,None,None,None,None
MAÉXTRO,324,None,mestre,maistre,None,None,maestre,é,None,maistreá,None,None,None,maestro
MAGALÓNA,325,None,None,None,None,None,None,None,None,None,None,None,None,None
MAGALLÓN,325,None,None,None,None,None,None,None,None,None,None,None,None,None
MAGÁRICHA,325,None,margaba,matricaire,None,magarssa,matricari,ma,None,ma,y,None,None,None
MAGRÁNA,325,None,None,None,None,None,None,None,None,None,None,None,None,None
MAGRÉL,325,None,é,maigre,magre,None,magre,None,None,None,macer,macru,None,None
MAGÜÉLLA,325,None,None,None,None,None,None,None,None,None,None,None,None,None
MAICHÓN,325,None,mesdo,maison,maisó,maysó,maizo,mesón,None,None,mansio,None,None,magione
MÁIR,326,None,None,maire,None,None,maier,None,None,None,None,mare,None,None
MAIXTER,326,None,None,None,None,None,None,None,None,None,None,None,None,None
MAJXAPÁN,326,mar,None,massepain,margapá,marsapá,massapan,mazapán,None,None,Gr,None,None,None
MALANDÍA,326,None,é,melodie,None,None,None,None,None,None,Gr,None,None,melodía
MALLÉTHA,327,None,maleta,mallete,None,None,malleta,None,None,maleta,maleta,None,None,None
MALLÓL,327,None,None,None,None,None,None,None,None,None,malleolus,None,None,None
MALMAL,327,None,None,None,None,None,None,None,None,None,None,None,None,None
MALVA,327,None,None,mauve,None,None,é,None,None,malha,malva,nalha,None,malva
MALVÉLLA,328,None,None,None,None,None,None,malvilla,None,None,None,None,None,None
MAMÁYRA,328,None,mod,None,None,None,None,mod,None,mamaria,mammarius,None,None,None
MAMPÍCH,329,None,None,None,None,None,None,None,None,None,us,None,None,None
MANÁH,329,None,None,None,None,None,None,None,None,None,Gr,None,None,None
MANÁJ,329,None,AL,AL,None,None,é,AL,None,None,Gr,None,None,None
MANÁRI,330,None,None,None,None,None,None,dest,None,None,manara,None,None,mannaia
MANCÁTH,330,None,None,None,manada,manat,manada,None,None,None,manu,None,None,manata
MANCÁYRA,330,None,None,None,None,None,None,mancera,None,None,manicula,None,None,None
JSTJ,331,mamar,manjar,manger,menjar,menjar,manja,manjar,None,None,é,None,None,manducare
MANDÍL,331,None,None,None,None,None,None,None,None,None,None,None,None,None
MANGA,332,None,manga,manche,mánega,mánega,mancha,manga,None,None,manica,manica,manga,manica
MANNÉRA,332,None,None,None,None,None,None,None,None,None,None,None,None,None
MANOUÍL,333,None,é,manchóte,manquet,None,mancheta,manquillo,None,maingoá,mancus,None,None,manco
